Owner,Year,Week,Pos,Name,Team,Opp,Status,Points,Proj,weeks_used,Week1,Week2,Both
Scott,2013,P1,D/ST,Chiefs D/ST,KC,@Wsh,» W 45-10,14,0,NA,NA,NA,NA
Scott,2013,P1,RB,Chris Johnson,NYJ,Oak,» W 37-27,23,0,3,8,15,23
Scott,2013,P1,D/ST,Dolphins D/ST,Mia,@Pit,» W 34-28,3,0,NA,NA,NA,NA
Scott,2013,P1,RB,Jamaal Charles,KC,@Wsh,» W 45-10,78,0,3,27,51,78
Scott,2013,P1,TE,Jared Cook,StL,@Ari,» L 10-30,4,0,1,4,0,4
Scott,2013,P1,WR,A.J. Green,Cin,Ind,» W 42-28,22,0,3,13,9,22
Scott,2013,P1,K,Blair Walsh,Min,@Bal,» L 26-29,18,0,NA,8,12,20
Scott,2013,P1,WR,Vincent Jackson,TB,Buf,» W 27-6,24,0,3,13,11,24
Scott,2013,P1,QB,Matthew Stafford,Det,@Phi,» L 20-34,13,0,3,6,7,13
Scott,2013,P1,WR,Dwayne Bowe,KC,@Wsh,» W 45-10,15,0,3,13,2,15
Scott,2013,P1,RB,Eddie Lacy,GB,Atl,» W 22-21,37,0,3,14,23,37
Scott,2013,P2,D/ST,Chiefs D/ST,KC,Ind,» L 7-23,0,0,NA,NA,NA,NA
Scott,2013,P2,RB,Chris Johnson,NYJ,Cle,» W 24-13,28,0,3,9,19,28
Scott,2013,P2,RB,Jamaal Charles,KC,Ind,» L 7-23,19,0,1,19,NA,NA
Scott,2013,P2,WR,A.J. Green,Cin,Min,» W 42-14,33,0,3,21,12,33
Scott,2013,P2,K,Blair Walsh,Min,@Cin,» L 14-42,4,0,3,2,2,4
Scott,2013,P2,WR,Vincent Jackson,TB,@StL,» L 13-23,12,0,3,9,3,12
Scott,2013,P2,WR,Mike Wallace,Mia,@Buf,» L 0-19,11,0,3,3,8,11
Scott,2013,P2,D/ST,Patriots D/ST,NE,@Bal,» W 41-7,3,0,NA,NA,NA,NA
Scott,2013,P2,RB,Knile Davis,KC,Ind,» L 7-23,20,0,2,-2,20,18
Scott,2013,P2,TE,Delanie Walker,Ten,@Jac,» W 20-16,5,0,3,3,2,5
Scott,2013,P2,QB,Matthew Stafford,Det,NYG,» L 20-23,18,0,3,6,12,18
Scott,2013,P2,RB,Eddie Lacy,GB,Pit,» L 31-38,33,0,3,20,13,33
Scott,2014,P1,RB,LeGarrette Blount,NE,@SD,» W 23-14,14,0,3,7,7,14
Scott,2014,P1,D/ST,Texans D/ST,Hou,@Jac,» W 27-13,11,0,NA,NA,NA,NA
Scott,2014,P1,WR,Mike Evans,TB,@Det,» L 17-34,23,0,3,16,7,23
Scott,2014,P1,RB,Isaiah Crowell,Cle,Ind,» L 24-25,13,0,3,11,2,13
Scott,2014,P1,WR,Alshon Jeffery,Chi,Dal,» L 28-41,28,0,3,15,13,28
Scott,2014,P1,K,Adam Vinatieri,Ind,@Cle,» W 25-24,14,0,3,9,5,14
Scott,2014,P1,TE,Julius Thomas,Jac,Hou,» L 13-27,3,0,2,NA,3,NA
Scott,2014,P1,WR,A.J. Green,Cin,Pit,» L 21-42,32,0,3,28,4,32
Scott,2014,P1,WR,Kelvin Benjamin,Car,@NO,» W 41-10,18,0,3,8,10,18
Scott,2014,P1,QB,Ryan Tannehill,Mia,Bal,» L 13-28,28,0,3,13,15,28
Scott,2014,P1,TE,Delanie Walker,Ten,NYG,» L 7-36,2,0,1,2,9,11
Scott,2014,P2,RB,LeGarrette Blount,NE,@NYJ,» W 17-16,6,0,2,NA,6,NA
Scott,2014,P2,WR,Mike Evans,TB,GB,» L 3-20,15,0,3,4,11,15
Scott,2014,P2,RB,Isaiah Crowell,Cle,@Car,» L 13-17,6,0,3,5,1,6
Scott,2014,P2,WR,Alshon Jeffery,Chi,Det,» L 14-20,16,0,3,13,3,16
Scott,2014,P2,K,Adam Vinatieri,Ind,@Dal,» L 7-42,7,0,NA,1,9,10
Scott,2014,P2,TE,Julius Thomas,Jac,Ten,» W 21-13,3,0,1,3,NA,NA
Scott,2014,P2,WR,A.J. Green,Cin,Den,» W 37-28,6,0,2,NA,6,NA
Scott,2014,P2,WR,Kelvin Benjamin,Car,Cle,» W 17-13,4,0,1,4,0,4
Scott,2014,P2,QB,Ryan Tannehill,Mia,Min,» W 37-35,41,0,3,29,12,41
Scott,2015,P1,D/ST,Chiefs D/ST,KC,SD,» W 10-3,33,0,NA,NA,NA,NA
Scott,2015,P1,WR,Calvin Johnson,Det,@StL,» L 14-21,2,0,3,1,1,2
Scott,2015,P1,RB,Doug Martin,TB,NO,» L 17-24,23,0,3,14,9,23
Scott,2015,P1,TE,Travis Kelce,KC,SD,» W 10-3,8,0,3,1,7,8
Scott,2015,P1,QB,Derek Carr,Oak,@Den,» W 15-12,32,0,3,13,19,32
Scott,2015,P1,WR,Michael Floyd,Ari,Min,» W 23-20,23,0,3,16,7,23
Scott,2015,P1,WR,Donte Moncrief,Ind,@Jax,» L 16-51,5,0,1,5,11,16
Scott,2015,P1,RB,Jeremy Langford,Chi,Wsh,» L 21-24,10,0,3,5,5,10
Scott,2015,P1,RB,Latavius Murray,Oak,@Den,» W 15-12,9,0,3,2,7,9
Scott,2015,P1,WR,Pierre Garcon,Wsh,@Chi,» W 24-21,9,0,2,5,9,14
Scott,2015,P1,K,Justin Tucker,Bal,Sea,» L 6-35,8,0,3,6,2,8
Scott,2015,P2,D/ST,Chiefs D/ST,KC,Cle,» W 17-13,21,0,NA,NA,NA,NA
Scott,2015,P2,WR,Calvin Johnson,Det,SF,» W 32-17,32,0,3,13,19,32
Scott,2015,P2,RB,Doug Martin,TB,Chi,» L 21-26,16,0,3,6,10,16
Scott,2015,P2,TE,Travis Kelce,KC,Cle,» W 17-13,11,0,3,10,1,11
Scott,2015,P2,QB,Derek Carr,Oak,SD,» W 23-20,25,0,3,15,10,25
Scott,2015,P2,WR,Michael Floyd,Ari,GB,» W 38-8,12,0,3,11,1,12
Scott,2015,P2,RB,Jeremy Langford,Chi,@TB,» W 26-21,9,0,3,8,1,9
Scott,2015,P2,RB,Latavius Murray,Oak,SD,» W 23-20,21,0,3,16,5,21
Scott,2015,P2,WR,Pierre Garcon,Wsh,@Phi,» W 38-24,24,0,3,14,10,24
Scott,2015,P2,K,Justin Tucker,Bal,Pit,» W 20-17,23,0,NA,10,12,22
Scott,2016,P1,QB,Ben Roethlisberger,Pit,@Buf,» W 27-20,17,0,3,2,15,17
Scott,2016,P1,D/ST,Texans D/ST,Hou,@Ind,» W 22-17,9,0,NA,NA,NA,NA
Scott,2016,P1,TE,Travis Kelce,KC,Oak,» W 21-13,14,0,3,10,4,14
Scott,2016,P1,K,Matt Bryant,Atl,@LA,» W 42-14,20,0,NA,6,13,19
Scott,2016,P1,RB,Lamar Miller,Hou,@Ind,» W 22-17,31,0,3,17,14,31
Scott,2016,P1,RB,Tevin Coleman,Atl,@LA,» W 42-14,21,0,3,16,5,21
Scott,2016,P1,WR,DeSean Jackson,TB,NO,» W 16-11,11,0,2,16,11,27
Scott,2016,P1,D/ST,Bengals D/ST,Cin,@Cle,» W 23-10,10,0,NA,NA,NA,NA
Scott,2016,P1,WR,Anquan Boldin,Det,Chi,» W 20-17,11,0,3,10,1,11
Scott,2016,P1,WR,Tyrell Williams,SD,@Car,» L 16-28,8,0,3,6,2,8
Scott,2016,P1,WR,Mike Wallace,Bal,@NE,» L 23-30,5,0,1,5,6,11
Scott,2016,P1,RB,Jeremy Hill,Cin,@Cle,» W 23-10,30,0,3,20,10,30
Scott,2016,P2,WR,J.J. Nelson,Ari,@Sea,» W 34-31,7,0,2,NA,NA,NA
Scott,2016,P2,TE,Travis Kelce,KC,Den,» W 33-10,22,0,1,22,0,22
Scott,2016,P2,K,Matt Bryant,Atl,@Car,» W 33-16,25,0,NA,19,8,27
Scott,2016,P2,D/ST,Chargers D/ST,SD,@Cle,» L 17-20,11,0,NA,NA,NA,NA
Scott,2016,P2,RB,Fitzgerald Toussaint,Pit,Bal,» W 31-27,3,0,2,NA,3,NA
Scott,2016,P2,RB,Tevin Coleman,Atl,@Car,» W 33-16,30,0,3,19,11,30
Scott,2016,P2,WR,DeSean Jackson,TB,@NO,» L 24-31,14,0,3,11,3,14
Scott,2016,P2,D/ST,Steelers D/ST,Pit,Bal,» W 31-27,9,0,NA,NA,NA,NA
Scott,2016,P2,QB,Andrew Luck,Ind,@Oak,» L 25-33,41,0,3,24,17,41
Scott,2016,P2,RB,Lamar Miller,Hou,Cin,» W 12-10,0,0,1,NA,NA,NA
Scott,2016,P2,RB,Darren Sproles,Phi,NYG,» W 24-19,3,0,2,12,3,15
Scott,2016,P2,WR,Anquan Boldin,Det,@Dal,» L 21-42,3,0,1,3,11,14
Scott,2016,P2,WR,Tyrell Williams,SD,@Cle,» L 17-20,19,0,3,12,7,19
Scott,2016,P2,RB,Jeremy Hill,Cin,@Hou,» L 10-12,0,0,1,0,NA,NA
Cory,2013,P1,QB,Drew Brees,NO,Car,» W 31-13,47,0,3,28,19,47
Cory,2013,P1,WR,Michael Crabtree,SF,Sea,» W 19-17,14,0,3,4,10,14
Cory,2013,P1,RB,Zac Stacy,StL,@Ari,» L 10-30,28,0,3,8,20,28
Cory,2013,P1,TE,Martellus Bennett,Chi,Dal,» W 45-28,5,0,2,4,5,9
Cory,2013,P1,RB,Knowshon Moreno,Mia,@Pit,» W 34-28,20,0,3,16,4,20
Cory,2013,P1,RB,Frank Gore,SF,Sea,» W 19-17,19,0,3,11,8,19
Cory,2013,P1,WR,Denarius Moore,Oak,@NYJ,» L 27-37,4,0,2,NA,4,NA
Cory,2013,P1,D/ST,Ravens D/ST,Bal,Min,» W 29-26,7,0,NA,NA,NA,NA
Cory,2013,P1,TE,Rob Gronkowski,NE,Cle,» W 27-26,3,0,1,3,NA,NA
Cory,2013,P1,WR,Nate Washington,Ten,@Den,» L 28-51,2,0,1,2,9,11
Cory,2013,P1,WR,Brandon Marshall,Chi,Dal,» W 45-28,27,0,3,12,15,27
Cory,2013,P1,D/ST,Bears D/ST,Chi,Dal,» W 45-28,8,0,NA,NA,NA,NA
Cory,2013,P1,K,Stephen Gostkowski,NE,Cle,» W 27-26,14,0,NA,9,8,17
Cory,2013,P2,WR,Denarius Moore,Oak,@SD,» L 13-26,7,0,3,1,6,7
Cory,2013,P2,QB,Drew Brees,NO,@Car,» L 13-17,48,0,3,11,37,48
Cory,2013,P2,WR,Michael Crabtree,SF,Atl,» W 34-24,12,0,3,10,2,12
Cory,2013,P2,RB,Zac Stacy,StL,TB,» W 23-13,17,0,3,14,3,17
Cory,2013,P2,TE,Martellus Bennett,Chi,@Phi,» L 11-54,9,0,3,8,1,9
Cory,2013,P2,RB,Knowshon Moreno,Mia,@Buf,» L 0-19,21,0,3,9,12,21
Cory,2013,P2,RB,Frank Gore,SF,Atl,» W 34-24,16,0,3,15,1,16
Cory,2013,P2,WR,Brandon Marshall,Chi,@Phi,» L 11-54,22,0,3,9,13,22
Cory,2013,P2,D/ST,Bears D/ST,Chi,@Phi,» L 11-54,-6,0,NA,NA,NA,NA
Cory,2013,P2,K,Stephen Gostkowski,NE,@Bal,» W 41-7,28,0,NA,11,14,25
Cory,2014,P1,D/ST,Chiefs D/ST,KC,@Ari,» L 14-17,17,0,NA,NA,NA,NA
Cory,2014,P1,WR,Jeremy Maclin,KC,@Ari,» L 14-17,17,0,3,8,9,17
Cory,2014,P1,TE,Travis Kelce,KC,@Ari,» L 14-17,18,0,3,9,9,18
Cory,2014,P1,WR,Brandon LaFell,NE,@SD,» W 23-14,8,0,3,2,6,8
Cory,2014,P1,RB,Fred Jackson,Buf,@Den,» L 17-24,15,0,3,6,9,15
Cory,2014,P1,K,Cody Parkey,Phi,Sea,» L 14-24,13,0,NA,2,9,11
Cory,2014,P1,WR,Steve Smith Sr.,Bal,@Mia,» W 28-13,16,0,3,NA,NA,NA
Cory,2014,P1,QB,Tom Brady,NE,@SD,» W 23-14,36,0,3,18,18,36
Cory,2014,P1,WR,Larry Fitzgerald,Ari,KC,» W 17-14,3,0,1,3,3,6
Cory,2014,P1,RB,C.J. Anderson,Den,Buf,» W 24-17,32,0,3,23,9,32
Cory,2014,P1,WR,Davante Adams,GB,Atl,» W 43-37,0,0,1,0,0,0
Cory,2014,P1,D/ST,Vikings D/ST,Min,NYJ,» W 30-24,10,0,NA,NA,NA,NA
Cory,2014,P2,WR,Jeremy Maclin,KC,@Pit,» L 12-20,10,0,3,6,4,10
Cory,2014,P2,D/ST,Texans D/ST,Hou,Bal,» W 25-13,10,0,NA,NA,NA,NA
Cory,2014,P2,TE,Travis Kelce,KC,@Pit,» L 12-20,17,0,3,3,14,11
Cory,2014,P2,WR,Brandon LaFell,NE,@NYJ,» W 17-16,14,0,3,6,8,14
Cory,2014,P2,RB,Fred Jackson,Buf,@Oak,» L 24-26,15,0,3,10,5,15
Cory,2014,P2,QB,Eli Manning,NYG,@StL,» W 37-27,19,0,2,27,19,46
Cory,2014,P2,K,Cody Parkey,Phi,@Wsh,» L 24-27,10,0,2,6,10,16
Cory,2014,P2,WR,Malcom Floyd,SD,@SF,» W 38-35,11,0,1,11,2,13
Cory,2014,P2,WR,Steve Smith Sr.,Bal,@Hou,» L 13-25,13,0,3,NA,NA,NA
Cory,2014,P2,QB,Tom Brady,NE,@NYJ,» W 17-16,10,0,1,10,3,13
Cory,2014,P2,WR,Larry Fitzgerald,Ari,Sea,» L 6-35,2,0,2,3,2,5
Cory,2014,P2,RB,C.J. Anderson,Den,@Cin,» L 28-37,47,0,3,19,28,47
Cory,2014,P2,D/ST,Bills D/ST,Buf,@Oak,» L 24-26,1,0,NA,NA,NA,NA
Cory,2015,P1,RB,Thomas Rawls,Sea,@Bal,» W 35-6,4,0,1,4,NA,NA
Cory,2015,P1,WR,Amari Cooper,Oak,@Den,» W 15-12,24,0,2,NA,24,NA
Cory,2015,P1,RB,Lamar Miller,Hou,NE,» L 6-27,22,0,3,20,2,22
Cory,2015,P1,TE,Gary Barnidge,Cle,SF,» W 24-10,22,0,3,14,8,22
Cory,2015,P1,WR,Brandin Cooks,NO,@TB,» W 24-17,20,0,3,2,18,20
Cory,2015,P1,K,Josh Brown,NYG,@Mia,» W 31-24,9,0,NA,7,5,12
Cory,2015,P1,WR,Larry Fitzgerald,Ari,Min,» W 23-20,8,0,3,4,4,8
Cory,2015,P1,D/ST,Patriots D/ST,NE,@Hou,» W 27-6,35,0,NA,NA,NA,NA
Cory,2015,P1,RB,Todd Gurley,StL,Det,» W 21-14,39,0,3,26,13,39
Cory,2015,P1,RB,Darren McFadden,Dal,@GB,» L 7-28,11,0,1,11,11,22
Cory,2015,P1,QB,Cam Newton,Car,Atl,» W 38-0,63,0,3,22,41,63
Cory,2015,P2,WR,Amari Cooper,Oak,SD,» W 23-20,3,0,3,1,2,3
Cory,2015,P2,RB,Karlos Williams,Buf,Dal,» W 16-6,21,0,3,13,8,21
Cory,2015,P2,TE,Gary Barnidge,Cle,@KC,» L 13-17,10,0,3,4,6,10
Cory,2015,P2,WR,Brandin Cooks,NO,Jax,» W 38-27,21,0,3,19,2,21
Cory,2015,P2,K,Josh Brown,NYG,@Min,» L 17-49,18,0,NA,5,12,17
Cory,2015,P2,WR,Larry Fitzgerald,Ari,GB,» W 38-8,19,0,3,8,11,19
Cory,2015,P2,D/ST,Patriots D/ST,NE,@NYJ,» L 20-26,4,0,NA,NA,NA,NA
Cory,2015,P2,RB,Todd Gurley,StL,@Sea,» W 23-17,14,0,1,14,NA,NA
Cory,2015,P2,RB,Darren McFadden,Dal,@Buf,» L 6-16,21,0,3,9,12,21
Cory,2015,P2,RB,Tre Mason,StL,@Sea,» W 23-17,10,0,2,0,10,10
Cory,2015,P2,QB,Cam Newton,Car,@Atl,» L 13-20,45,0,3,13,32,45
Cory,2016,P1,RB,Isaiah Crowell,Cle,Cin,» L 10-23,2,0,2,11,2,13
Cory,2016,P1,K,Adam Vinatieri,Ind,Hou,» L 17-22,15,0,NA,5,12,17
Cory,2016,P1,WR,Sammy Watkins,Buf,Pit,» L 20-27,12,0,3,11,1,12
Cory,2016,P1,WR,Aldrick Robinson,SF,NYJ,» L 17-23,4,0,1,4,11,15
Cory,2016,P1,D/ST,Vikings D/ST,Min,@Jax,» W 25-16,7,0,NA,NA,NA,NA
Cory,2016,P1,QB,Matt Ryan,Atl,@LA,» W 42-14,40,0,3,21,19,40
Cory,2016,P1,RB,Kenneth Farrow,SD,@Car,» L 16-28,2,0,2,7,2,9
Cory,2016,P1,WR,Mike Evans,TB,NO,» W 16-11,9,0,3,4,5,9
Cory,2016,P1,RB,Melvin Gordon,SD,@Car,» L 16-28,0,0,1,0,NA,NA
Cory,2016,P1,WR,Terrelle Pryor Sr.,Wsh,@Phi,» W 27-22,1,0,2,0,1,1
Cory,2016,P1,TE,Antonio Gates,SD,@Car,» L 16-28,7,0,3,6,1,7
Cory,2016,P1,RB,Mark Ingram,NO,@TB,» L 11-16,9,0,3,1,8,9
Cory,2016,P1,D/ST,Falcons D/ST,Atl,@LA,» W 42-14,9,0,NA,NA,NA,NA
Cory,2016,P2,WR,Mike Evans,TB,@NO,» L 24-31,27,0,3,15,12,27
Cory,2016,P2,RB,Isaiah Crowell,Cle,SD,» W 20-17,31,0,3,17,14,31
Cory,2016,P2,WR,Terrelle Pryor Sr.,Wsh,@Chi,» W 41-21,12,0,3,3,9,12
Cory,2016,P2,K,Adam Vinatieri,Ind,@Oak,» L 25-33,10,0,NA,5,6,11
Cory,2016,P2,TE,Antonio Gates,SD,@Cle,» L 17-20,26,0,3,15,11,26
Cory,2016,P2,WR,Sammy Watkins,Buf,Mia,» L 31-34,24,0,3,21,3,24
Cory,2016,P2,D/ST,Colts D/ST,Ind,@Oak,» L 25-33,1,0,NA,NA,NA,NA
Cory,2016,P2,WR,Julio Jones,Atl,@Car,» W 33-16,21,0,3,6,15,21
Cory,2016,P2,RB,Mark Ingram,NO,TB,» W 31-24,18,0,2,23,18,41
Cory,2016,P2,D/ST,Falcons D/ST,Atl,@Car,» W 33-16,7,0,NA,NA,NA,NA
Cory,2016,P2,RB,Kenneth Farrow,SD,@Cle,» L 17-20,4,0,1,4,NA,NA
Cory,2016,P2,QB,Matt Ryan,Atl,@Car,» W 33-16,48,0,3,19,29,48
Devon,2013,P1,WR,Calvin Johnson,Det,@Phi,» L 20-34,14,0,3,5,9,14
Devon,2013,P1,K,Dan Bailey,Dal,@Chi,» L 28-45,28,0,NA,4,22,26
Devon,2013,P1,RB,Fred Jackson,Buf,@TB,» L 6-27,11,0,3,3,8,11
Devon,2013,P1,RB,Matt Forte,Chi,Dal,» W 45-28,35,0,3,23,12,35
Devon,2013,P1,QB,Tony Romo,Dal,@Chi,» L 28-45,34,0,3,16,18,34
Devon,2013,P1,D/ST,Seahawks D/ST,Sea,@SF,» L 17-19,26,0,NA,NA,NA,NA
Devon,2013,P1,WR,Michael Floyd,Ari,StL,» W 30-10,5,0,3,2,3,5
Devon,2013,P1,RB,Ryan Mathews,SD,NYG,» W 37-14,18,0,2,19,18,37
Devon,2013,P1,WR,Wes Welker,Den,Ten,» W 51-28,12,0,1,12,NA,NA
Devon,2013,P1,RB,Bobby Rainey,TB,Buf,» W 27-6,18,0,1,18,2,20
Devon,2013,P1,TE,Jimmy Graham,NO,Car,» W 31-13,19,0,3,17,2,19
Devon,2013,P2,WR,Calvin Johnson,Det,NYG,» L 20-23,4,0,1,4,NA,NA
Devon,2013,P2,K,Dan Bailey,Dal,@Wsh,» W 24-23,18,0,NA,6,10,16
Devon,2013,P2,RB,Fred Jackson,Buf,Mia,» W 19-0,34,0,3,16,17,33
Devon,2013,P2,QB,Colin Kaepernick,SF,Atl,» W 34-24,22,0,1,22,22,44
Devon,2013,P2,RB,Matt Forte,Chi,@Phi,» L 11-54,37,0,3,4,33,37
Devon,2013,P2,QB,Tony Romo,Dal,@Wsh,» W 24-23,15,0,1,15,NA,NA
Devon,2013,P2,WR,Kenny Stills,NO,@Car,» L 13-17,13,0,2,2,13,15
Devon,2013,P2,D/ST,Seahawks D/ST,Sea,Ari,» L 10-17,29,0,NA,NA,NA,NA
Devon,2013,P2,WR,Michael Floyd,Ari,@Sea,» W 17-10,18,0,3,9,9,18
Devon,2013,P2,WR,Hakeem Nicks,Ind,@KC,» W 23-7,10,0,3,5,5,10
Devon,2013,P2,RB,Ryan Mathews,SD,Oak,» W 26-13,32,0,3,17,15,32
Devon,2013,P2,TE,Jimmy Graham,NO,@Car,» L 13-17,26,0,3,13,13,26
Devon,2014,P1,WR,Calvin Johnson,Det,TB,» W 34-17,26,0,3,21,5,26
Devon,2014,P1,RB,Matt Forte,Chi,Dal,» L 28-41,24,0,3,15,9,24
Devon,2014,P1,QB,Tony Romo,Dal,@Chi,» W 41-28,40,0,3,20,20,40
Devon,2014,P1,K,Steven Hauschka,Sea,@Phi,» W 24-14,12,0,NA,6,5,11
Devon,2014,P1,WR,Greg Jennings,Mia,Bal,» L 13-28,5,0,1,5,10,15
Devon,2014,P1,WR,Roddy White,Atl,@GB,» L 37-43,21,0,3,10,11,21
Devon,2014,P1,D/ST,Seahawks D/ST,Sea,@Phi,» W 24-14,11,0,NA,NA,NA,NA
Devon,2014,P1,D/ST,Broncos D/ST,Den,Buf,» W 24-17,8,0,NA,NA,NA,NA
Devon,2014,P1,WR,Mike Wallace,Min,NYJ,» W 30-24,19,0,3,3,16,19
Devon,2014,P1,RB,Alfred Morris,Wsh,StL,» L 0-24,5,0,3,1,4,5
Devon,2014,P1,WR,Julian Edelman,NE,@SD,» W 23-14,14,0,2,20,14,34
Devon,2014,P1,TE,Jimmy Graham,Sea,@Phi,» W 24-14,10,0,3,2,8,10
Devon,2014,P2,WR,Calvin Johnson,Det,@Chi,» W 20-14,25,0,3,10,15,25
Devon,2014,P2,RB,Matt Forte,Chi,Det,» L 14-20,22,0,3,15,7,22
Devon,2014,P2,WR,Greg Jennings,Mia,Min,» W 37-35,4,0,2,11,4,15
Devon,2014,P2,QB,Tony Romo,Dal,Ind,» W 42-7,43,0,3,26,17,43
Devon,2014,P2,K,Steven Hauschka,Sea,@Ari,» W 35-6,6,0,NA,5,8,13
Devon,2014,P2,WR,Roddy White,Atl,@NO,» W 30-14,13,0,3,5,8,13
Devon,2014,P2,D/ST,Seahawks D/ST,Sea,@Ari,» W 35-6,20,0,NA,NA,NA,NA
Devon,2014,P2,WR,Mike Wallace,Min,@Mia,» L 35-37,17,0,1,17,NA,NA
Devon,2014,P2,D/ST,Patriots D/ST,NE,@NYJ,» W 17-16,7,0,NA,NA,NA,NA
Devon,2014,P2,RB,Alfred Morris,Wsh,Phi,» W 27-24,19,0,3,14,5,19
Devon,2014,P2,WR,Dwayne Bowe,Cle,@Car,» L 13-17,5,0,1,5,3,8
Devon,2014,P2,TE,Jimmy Graham,Sea,@Ari,» W 35-6,14,0,3,9,5,14
Devon,2015,P1,WR,DeAndre Hopkins,Hou,NE,» L 6-27,14,0,3,5,9,14
Devon,2015,P1,QB,Drew Brees,NO,@TB,» W 24-17,46,0,3,20,26,46
Devon,2015,P1,RB,Isaiah Crowell,Cle,SF,» W 24-10,28,0,3,26,2,28
Devon,2015,P1,RB,Melvin Gordon,SD,@KC,» L 3-10,4,0,2,5,4,9
Devon,2015,P1,RB,Jonathan Stewart,Car,Atl,» W 38-0,14,0,1,14,NA,NA
Devon,2015,P1,RB,Matt Forte,NYJ,Ten,» W 30-8,25,0,3,10,15,25
Devon,2015,P1,D/ST,Packers D/ST,GB,Dal,» W 28-7,21,0,NA,NA,NA,NA
Devon,2015,P1,K,Mason Crosby,GB,Dal,» W 28-7,13,0,NA,4,12,16
Devon,2015,P1,TE,Antonio Gates,SD,@KC,» L 3-10,15,0,3,7,8,15
Devon,2015,P1,WR,Terrance Williams,Dal,@GB,» L 7-28,4,0,3,3,1,4
Devon,2015,P1,WR,James Jones,GB,Dal,» W 28-7,18,0,3,4,14,18
Devon,2015,P2,WR,DeAndre Hopkins,Hou,@Ten,» W 34-6,25,0,3,17,8,25
Devon,2015,P2,QB,Drew Brees,NO,Jax,» W 38-27,44,0,3,28,16,44
Devon,2015,P2,RB,Spencer Ware,KC,Cle,» W 17-13,14,0,3,1,13,14
Devon,2015,P2,RB,Antonio Andrews,Ten,Hou,» L 6-34,-2,0,1,-2,0,-2
Devon,2015,P2,RB,Matt Forte,NYJ,NE,» W 26-20,23,0,3,7,16,23
Devon,2015,P2,D/ST,Packers D/ST,GB,@Ari,» L 8-38,11,0,NA,NA,NA,NA
Devon,2015,P2,K,Mason Crosby,GB,@Ari,» L 8-38,8,0,NA,NA,7,NA
Devon,2015,P2,TE,Antonio Gates,SD,@Oak,» L 20-23,10,0,3,1,9,10
Devon,2015,P2,WR,Terrance Williams,Dal,@Buf,» L 6-16,23,0,3,6,17,23
Devon,2015,P2,WR,James Jones,GB,@Ari,» L 8-38,16,0,3,6,10,16
Devon,2016,P1,K,Matt Prater,Det,Chi,» W 20-17,10,0,1,10,6,16
Devon,2016,P1,RB,Ezekiel Elliott,Dal,@NYG,» L 7-10,10,0,1,10,23,33
Devon,2016,P1,RB,Devonta Freeman,Atl,@LA,» W 42-14,1,0,1,1,30,31
Devon,2016,P1,RB,Matt Forte,NYJ,@SF,» W 23-17,0,0,1,0,2,2
Devon,2016,P1,WR,Emmanuel Sanders,Den,@Ten,» L 10-13,16,0,1,16,4,20
Devon,2016,P1,D/ST,Jets D/ST,NYJ,@SF,» W 23-17,2,0,1,2,0,2
Devon,2016,P1,WR,Donte Moncrief,Ind,Hou,» L 17-22,0,0,1,0,0,0
Devon,2016,P1,WR,Taylor Gabriel,Atl,@LA,» W 42-14,14,0,1,14,12,26
Devon,2016,P1,TE,Ladarius Green,Pit,@Buf,» W 27-20,2,0,1,2,7,9
Devon,2016,P1,QB,Carson Palmer,Ari,@Mia,» L 23-26,9,0,1,9,20,29
Anthony,2013,P1,QB,Ryan Fitzpatrick,Ten,@Den,» L 28-51,8,0,1,8,30,38
Anthony,2013,P1,RB,Toby Gerhart,Jac,Hou,» W 27-20,0,0,2,12,NA,NA
Anthony,2013,P1,RB,Marshawn Lynch,Sea,@SF,» L 17-19,30,0,3,13,17,30
Anthony,2013,P1,WR,Brian Hartline,Mia,@Pit,» W 34-28,7,0,2,11,7,18
Anthony,2013,P1,K,Robbie Gould,Chi,Dal,» W 45-28,13,0,1,13,8,21
Anthony,2013,P1,RB,Adrian Peterson,Min,@Bal,» L 26-29,1,0,1,1,NA,NA
Anthony,2013,P1,RB,Reggie Bush,Det,@Phi,» L 20-34,15,0,2,NA,15,NA
Anthony,2013,P1,K,Dan Carpenter,Buf,@TB,» L 6-27,8,0,NA,6,9,15
Anthony,2013,P1,D/ST,Patriots D/ST,NE,Cle,» W 27-26,-4,0,NA,NA,NA,NA
Anthony,2013,P1,WR,Harry Douglas,Atl,@GB,» L 21-22,2,0,1,2,3,5
Anthony,2013,P1,TE,Dennis Pitta,Bal,Min,» W 29-26,2,0,2,10,2,12
Anthony,2013,P1,WR,Torrey Smith,Bal,Min,» W 29-26,9,0,3,3,6,9
Anthony,2013,P1,QB,Jason Campbell,Cin,Ind,» W 42-28,11,0,2,29,11,40
Anthony,2013,P1,TE,Antonio Gates,SD,NYG,» W 37-14,5,0,1,5,2,7
Anthony,2013,P1,D/ST,Titans D/ST,Ten,@Den,» L 28-51,-2,0,NA,NA,NA,NA
Anthony,2013,P1,WR,Demaryius Thomas,Den,Ten,» W 51-28,18,0,3,14,4,18
Anthony,2013,P2,TE,Dennis Pitta,Bal,NE,» L 7-41,9,0,3,3,6,9
Anthony,2013,P2,WR,Torrey Smith,Bal,NE,» L 7-41,8,0,3,6,2,8
Anthony,2013,P2,K,Alex Henery,Phi,Chi,» W 54-11,18,0,NA,10,6,16
Anthony,2013,P2,D/ST,Titans D/ST,Ten,@Jac,» W 20-16,23,0,NA,NA,NA,NA
Anthony,2013,P2,RB,Marshawn Lynch,Sea,Ari,» L 10-17,22,0,3,7,15,22
Anthony,2013,P2,WR,Robert Woods,Buf,Mia,» W 19-0,2,0,2,7,2,9
Anthony,2013,P2,WR,Brian Hartline,Mia,@Buf,» L 0-19,5,0,1,5,3,8
Anthony,2013,P2,RB,Rashad Jennings,NYG,@Det,» W 23-20,6,0,1,6,0,6
Anthony,2013,P2,QB,Andy Dalton,Cin,Min,» W 42-14,31,0,1,31,19,50
Anthony,2013,P2,QB,Aaron Rodgers,GB,Pit,» L 31-38,16,0,2,NA,16,NA
Anthony,2013,P2,RB,Reggie Bush,Det,NYG,» L 20-23,14,0,3,2,12,14
Anthony,2013,P2,WR,Demaryius Thomas,Den,@Hou,» W 37-13,41,0,3,18,23,41
Anthony,2014,P1,K,Shayne Graham,NO,Car,» L 10-41,1,0,NA,4,7,11
Anthony,2014,P1,D/ST,Ravens D/ST,Bal,@Mia,» W 28-13,23,0,NA,NA,NA,NA
Anthony,2014,P1,K,Shaun Suisham,Pit,@Cin,» W 42-21,9,0,2,10,9,19
Anthony,2014,P1,TE,Antonio Gates,SD,NE,» L 14-23,14,0,3,3,11,14
Anthony,2014,P1,RB,Marshawn Lynch,Sea,@Phi,» W 24-14,29,0,3,14,15,29
Anthony,2014,P1,WR,Reggie Wayne,Ind,@Cle,» W 25-24,0,0,1,0,0,0
Anthony,2014,P1,WR,Anquan Boldin,SF,@Oak,» L 13-24,7,0,3,5,2,7
Anthony,2014,P1,WR,Allen Hurns,Jac,Hou,» L 13-27,7,0,2,9,7,16
Anthony,2014,P1,WR,Vincent Jackson,TB,@Det,» L 17-34,7,0,2,15,7,22
Anthony,2014,P1,QB,Aaron Rodgers,GB,Atl,» W 43-37,32,0,3,27,5,32
Anthony,2014,P1,RB,Justin Forsett,Bal,@Mia,» W 28-13,17,0,3,13,4,17
Anthony,2014,P1,D/ST,Giants D/ST,NYG,@Ten,» W 36-7,25,0,NA,NA,NA,NA
Anthony,2014,P1,WR,Brandon Marshall,NYJ,@Min,» L 24-30,6,0,1,6,NA,NA
Anthony,2014,P1,WR,Golden Tate,Det,TB,» W 34-17,14,0,3,5,9,14
Anthony,2014,P2,D/ST,Ravens D/ST,Bal,@Hou,» L 13-25,13,0,NA,NA,NA,NA
Anthony,2014,P2,K,Shaun Suisham,Pit,KC,» W 20-12,17,0,3,8,9,17
Anthony,2014,P2,TE,Antonio Gates,SD,@SF,» W 38-35,27,0,3,21,6,27
Anthony,2014,P2,D/ST,Titans D/ST,Ten,@Jac,» L 13-21,6,0,NA,NA,NA,NA
Anthony,2014,P2,RB,Marshawn Lynch,Sea,@Ari,» W 35-6,36,0,3,23,13,36
Anthony,2014,P2,WR,Anquan Boldin,SF,SD,» L 35-38,20,0,3,6,14,20
Anthony,2014,P2,WR,Allen Hurns,Jac,Ten,» W 21-13,2,0,1,2,1,3
Anthony,2014,P2,WR,Vincent Jackson,TB,GB,» L 3-20,7,0,3,6,1,7
Anthony,2014,P2,QB,Aaron Rodgers,GB,@TB,» W 20-3,38,0,3,14,24,38
Anthony,2014,P2,RB,Justin Forsett,Bal,@Hou,» L 13-25,14,0,3,2,12,14
Anthony,2014,P2,TE,Zach Ertz,Phi,@Wsh,» L 24-27,5,0,2,11,5,16
Anthony,2014,P2,WR,Golden Tate,Det,@Chi,» W 20-14,10,0,3,6,4,10
Anthony,2015,P1,K,Shayne Graham,Atl,@Car,» L 0-38,12,0,NA,NA,11,NA
Anthony,2015,P1,WR,Allen Robinson,Jax,Ind,» W 51-16,17,0,3,6,11,17
Anthony,2015,P1,WR,Mike Evans,TB,NO,» L 17-24,18,0,3,3,15,18
Anthony,2015,P1,TE,Jordan Reed,Wsh,@Chi,» W 24-21,38,0,3,18,20,38
Anthony,2015,P1,QB,Ryan Fitzpatrick,NYJ,Ten,» W 30-8,24,0,1,24,14,38
Anthony,2015,P1,RB,Charcandrick West,KC,SD,» W 10-3,18,0,3,5,13,18
Anthony,2015,P1,WR,A.J. Green,Cin,Pit,» L 20-33,22,0,3,19,3,22
Anthony,2015,P1,WR,Jarvis Landry,Mia,NYG,» L 24-31,14,0,3,9,5,14
Anthony,2015,P1,D/ST,Jets D/ST,NYJ,Ten,» W 30-8,23,0,NA,NA,NA,NA
Anthony,2015,P1,RB,Adrian Peterson,Min,@Ari,» L 20-23,17,0,3,11,6,17
Anthony,2015,P1,QB,Aaron Rodgers,GB,Dal,» W 28-7,10,0,2,18,10,28
Anthony,2015,P1,K,Connor Barth,TB,NO,» L 17-24,2,0,NA,5,13,18
Anthony,2015,P2,WR,Allen Robinson,Jax,@NO,» L 27-38,31,0,3,21,10,31
Anthony,2015,P2,WR,Mike Evans,TB,Chi,» L 21-26,15,0,3,6,9,15
Anthony,2015,P2,D/ST,Ravens D/ST,Bal,Pit,» W 20-17,5,0,NA,NA,NA,NA
Anthony,2015,P2,D/ST,Dolphins D/ST,Mia,Ind,» L 12-18,4,0,NA,NA,NA,NA
Anthony,2015,P2,TE,Jordan Reed,Wsh,@Phi,» W 38-24,28,0,3,24,4,28
Anthony,2015,P2,RB,Charcandrick West,KC,Cle,» W 17-13,9,0,3,6,3,9
Anthony,2015,P2,WR,A.J. Green,Cin,@Den,» L 17-20,9,0,2,11,9,20
Anthony,2015,P2,WR,Jarvis Landry,Mia,Ind,» L 12-18,18,0,3,11,7,18
Anthony,2015,P2,K,Robbie Gould,Chi,@TB,» W 26-21,16,0,1,16,8,24
Anthony,2015,P2,WR,Kamar Aiken,Bal,Pit,» W 20-17,6,0,1,6,7,13
Anthony,2015,P2,RB,Adrian Peterson,Min,NYG,» W 49-17,29,0,3,17,12,29
Anthony,2015,P2,QB,Aaron Rodgers,GB,@Ari,» L 8-38,19,0,3,7,12,19
Anthony,2015,P2,K,Nick Novak,Hou,@Ten,» W 34-6,13,0,NA,10,16,26
Anthony,2016,P1,RB,Jay Ajayi,Mia,Ari,» W 26-23,10,0,3,5,5,10
Anthony,2016,P1,RB,Spencer Ware,KC,Oak,» W 21-13,13,0,3,5,8,13
Anthony,2016,P1,D/ST,Lions D/ST,Det,Chi,» W 20-17,4,0,NA,NA,NA,NA
Anthony,2016,P1,QB,Russell Wilson,Sea,@GB,» L 10-38,4,0,1,4,20,24
Anthony,2016,P1,QB,Eli Manning,NYG,Dal,» W 10-7,16,0,2,5,16,21
Anthony,2016,P1,K,Dustin Hopkins,Wsh,@Phi,» W 27-22,9,0,2,3,9,12
Anthony,2016,P1,WR,Doug Baldwin,Sea,@GB,» L 10-38,13,0,3,4,9,13
Anthony,2016,P1,D/ST,Bills D/ST,Buf,Pit,» L 20-27,10,0,NA,NA,NA,NA
Anthony,2016,P1,TE,Zach Ertz,Phi,Wsh,» L 22-27,19,0,3,11,8,19
Anthony,2016,P1,RB,Robert Kelley,Wsh,@Phi,» W 27-22,24,0,3,14,10,24
Anthony,2016,P1,WR,Odell Beckham Jr.,NYG,Dal,» W 10-7,27,0,3,15,12,27
Anthony,2016,P1,WR,Golden Tate,Det,Chi,» W 20-17,17,0,3,5,12,17
Anthony,2016,P2,D/ST,Chiefs D/ST,KC,Den,» W 33-10,20,0,NA,NA,NA,NA
Anthony,2016,P2,WR,DeAndre Hopkins,Hou,Cin,» W 12-10,4,0,1,4,12,16
Anthony,2016,P2,RB,Jay Ajayi,Mia,@Buf,» W 34-31,33,0,3,26,7,33
Anthony,2016,P2,RB,Spencer Ware,KC,Den,» W 33-10,8,0,1,8,NA,NA
Anthony,2016,P2,K,Dustin Hopkins,Wsh,@Chi,» W 41-21,12,0,NA,11,4,15
Anthony,2016,P2,WR,Doug Baldwin,Sea,Ari,» L 31-34,27,0,3,23,4,27
Anthony,2016,P2,QB,Philip Rivers,SD,@Cle,» L 17-20,32,0,3,18,14,32
Anthony,2016,P2,RB,Jacquizz Rodgers,TB,@NO,» L 24-31,7,0,2,13,7,20
Anthony,2016,P2,WR,Cameron Meredith,Chi,Wsh,» L 21-41,10,0,2,19,10,29
Anthony,2016,P2,RB,Robert Kelley,Wsh,@Chi,» W 41-21,3,0,2,7,3,10
Anthony,2016,P2,TE,Zach Ertz,Phi,NYG,» W 24-19,28,0,3,3,25,28
Anthony,2016,P2,WR,Odell Beckham Jr.,NYG,@Phi,» L 19-24,15,0,1,15,0,15
Anthony,2016,P2,WR,Golden Tate,Det,@Dal,» L 21-42,18,0,3,5,13,18
Ty,2013,P1,K,Matt Prater,Den,Ten,» W 51-28,26,0,NA,17,8,25
Ty,2013,P1,WR,Cecil Shorts,Jac,Hou,» W 27-20,7,0,1,7,NA,NA
Ty,2013,P1,RB,Lamar Miller,Mia,@Pit,» W 34-28,3,0,1,3,6,9
Ty,2013,P1,D/ST,49ers D/ST,SF,Sea,» W 19-17,27,0,NA,NA,NA,NA
Ty,2013,P1,WR,Roddy White,Atl,@GB,» L 21-22,12,0,3,7,5,12
Ty,2013,P1,RB,Donald Brown,SD,NYG,» W 37-14,2,0,1,2,3,5
Ty,2013,P1,TE,Jason Witten,Dal,@Chi,» L 28-45,20,0,3,7,13,20
Ty,2013,P1,WR,Andre Johnson,Hou,@Jac,» L 20-27,16,0,3,15,1,16
Ty,2013,P1,QB,Philip Rivers,SD,NYG,» W 37-14,33,0,3,19,14,33
Ty,2013,P1,WR,Jerricho Cotchery,Car,@NO,» L 13-31,0,0,2,11,0,11
Ty,2013,P1,RB,BenJarvus Green-Ellis,Cin,Ind,» W 42-28,0,0,2,16,0,16
Ty,2013,P1,RB,LeSean McCoy,Phi,Det,» W 34-20,42,0,3,33,9,42
Ty,2013,P2,K,Matt Prater,Den,@Hou,» W 37-13,26,0,NA,13,12,25
Ty,2013,P2,RB,Lamar Miller,Mia,@Buf,» L 0-19,0,0,1,0,7,7
Ty,2013,P2,D/ST,49ers D/ST,SF,Atl,» W 34-24,8,0,NA,NA,NA,NA
Ty,2013,P2,WR,Greg Jennings,Min,@Cin,» L 14-42,6,0,3,2,4,6
Ty,2013,P2,WR,Roddy White,Atl,@SF,» L 24-34,35,0,3,20,15,35
Ty,2013,P2,RB,Donald Brown,SD,Oak,» W 26-13,31,0,3,22,9,31
Ty,2013,P2,TE,Jason Witten,Dal,@Wsh,» W 24-23,14,0,3,1,13,14
Ty,2013,P2,WR,Andre Johnson,Hou,Den,» L 13-37,10,0,3,6,4,10
Ty,2013,P2,QB,Philip Rivers,SD,Oak,» W 26-13,27,0,3,8,19,27
Ty,2013,P2,RB,LeSean McCoy,Phi,Chi,» W 54-11,46,0,3,27,19,46
Ty,2013,P2,WR,Golden Tate,Det,NYG,» L 20-23,18,0,2,3,18,21
Ty,2014,P1,TE,Coby Fleener,Ind,@Cle,» W 25-24,3,0,2,5,3,8
Ty,2014,P1,RB,Boobie Dixon,Buf,@Den,» L 17-24,3,0,3,1,2,3
Ty,2014,P1,QB,Drew Brees,NO,Car,» L 10-41,38,0,3,11,27,38
Ty,2014,P1,WR,Michael Crabtree,Oak,SF,» W 24-13,6,0,3,5,1,6
Ty,2014,P1,K,Mason Crosby,GB,Atl,» W 43-37,20,0,NA,15,7,22
Ty,2014,P1,TE,Greg Olsen,Car,@NO,» W 41-10,24,0,3,13,11,24
Ty,2014,P1,WR,Marques Colston,NO,Car,» L 10-41,19,0,3,7,12,19
Ty,2014,P1,D/ST,Bengals D/ST,Cin,Pit,» L 21-42,6,0,NA,NA,NA,NA
Ty,2014,P1,WR,Andre Johnson,Ind,@Cle,» W 25-24,1,0,1,1,NA,NA
Ty,2014,P1,WR,Jordy Nelson,GB,Atl,» W 43-37,31,0,3,26,5,31
Ty,2014,P1,RB,LeSean McCoy,Buf,@Den,» L 17-24,9,0,3,3,6,9
Ty,2014,P2,TE,Coby Fleener,Ind,@Dal,» L 7-42,20,0,3,3,17,20
Ty,2014,P2,QB,Drew Brees,NO,Atl,» L 14-30,19,0,3,10,9,19
Ty,2014,P2,WR,Michael Crabtree,Oak,Buf,» W 26-24,0,0,1,0,4,4
Ty,2014,P2,D/ST,Packers D/ST,GB,@TB,» W 20-3,16,0,NA,NA,NA,NA
Ty,2014,P2,K,Mason Crosby,GB,@TB,» W 20-3,7,0,NA,8,4,12
Ty,2014,P2,TE,Greg Olsen,Car,Cle,» W 17-13,4,0,3,2,2,4
Ty,2014,P2,WR,Marques Colston,NO,Atl,» L 14-30,19,0,3,8,11,19
Ty,2014,P2,WR,Andre Johnson,Ind,@Dal,» L 7-42,19,0,2,6,19,25
Ty,2014,P2,D/ST,Broncos D/ST,Den,@Cin,» L 28-37,17,0,NA,NA,NA,NA
Ty,2014,P2,RB,DeAngelo Williams,Pit,KC,» W 20-12,0,0,3,0,0,0
Ty,2014,P2,WR,Jordy Nelson,GB,@TB,» W 20-3,25,0,3,17,8,25
Ty,2014,P2,RB,LeSean McCoy,Buf,@Oak,» L 24-26,26,0,3,16,10,26
Ty,2015,P1,RB,Matt Jones,Wsh,@Chi,» W 24-21,10,0,3,8,2,10
Ty,2015,P1,RB,Theo Riddick,Det,@StL,» L 14-21,7,0,3,5,2,7
Ty,2015,P1,WR,Dez Bryant,Dal,@GB,» L 7-28,11,0,2,0,11,11
Ty,2015,P1,WR,Alshon Jeffery,Chi,Wsh,» L 21-24,23,0,3,16,7,23
Ty,2015,P1,TE,Julius Thomas,Jax,Ind,» W 51-16,18,0,3,11,7,18
Ty,2015,P1,D/ST,Bengals D/ST,Cin,Pit,» L 20-33,15,0,NA,NA,NA,NA
Ty,2015,P1,D/ST,Eagles D/ST,Phi,Buf,» W 23-20,2,0,NA,NA,NA,NA
Ty,2015,P1,WR,Vincent Jackson,TB,NO,» L 17-24,0,0,1,0,NA,NA
Ty,2015,P1,WR,Brandon Marshall,NYJ,Ten,» W 30-8,25,0,3,18,7,25
Ty,2015,P1,QB,Carson Palmer,Ari,Min,» W 23-20,34,0,3,20,14,34
Ty,2015,P1,K,Stephen Gostkowski,NE,@Hou,» W 27-6,25,0,NA,9,15,24
Ty,2015,P2,RB,Matt Jones,Wsh,@Phi,» W 38-24,0,0,3,0,0,0
Ty,2015,P2,RB,Theo Riddick,Det,SF,» W 32-17,10,0,3,8,2,10
Ty,2015,P2,D/ST,Lions D/ST,Det,SF,» W 32-17,17,0,NA,NA,NA,NA
Ty,2015,P2,TE,Julius Thomas,Jax,@NO,» L 27-38,2,0,3,1,1,2
Ty,2015,P2,WR,Anquan Boldin,SF,@Det,» L 17-32,15,0,3,2,13,15
Ty,2015,P2,RB,Ryan Mathews,Phi,Wsh,» L 24-38,8,0,3,7,1,8
Ty,2015,P2,WR,Markus Wheaton,Pit,@Bal,» L 17-20,15,0,3,4,11,15
Ty,2015,P2,WR,Brandon Marshall,NYJ,NE,» W 26-20,41,0,3,23,18,41
Ty,2015,P2,QB,Carson Palmer,Ari,GB,» W 38-8,23,0,3,16,7,23
Ty,2015,P2,K,Stephen Gostkowski,NE,@NYJ,» L 20-26,10,0,NA,8,4,12
Ty,2016,P1,WR,Jamison Crowder,Wsh,@Phi,» W 27-22,3,0,1,3,0,3
Ty,2016,P1,QB,Drew Brees,NO,@TB,» L 11-16,33,0,3,4,29,33
Ty,2016,P1,WR,Michael Crabtree,Oak,@KC,» L 13-21,14,0,3,2,12,14
Ty,2016,P1,RB,Carlos Hyde,SF,NYJ,» L 17-23,30,0,3,25,5,30
Ty,2016,P1,D/ST,Seahawks D/ST,Sea,@GB,» L 10-38,9,0,NA,NA,NA,NA
Ty,2016,P1,WR,Antonio Brown,Pit,@Buf,» W 27-20,12,0,3,7,5,12
Ty,2016,P1,WR,Jordy Nelson,GB,Sea,» W 38-10,28,0,3,16,12,28
Ty,2016,P1,TE,Delanie Walker,Ten,Den,» W 13-10,8,0,3,3,5,8
Ty,2016,P1,RB,LeSean McCoy,Buf,Pit,» L 20-27,44,0,3,16,28,44
Ty,2016,P1,K,Stephen Gostkowski,NE,Bal,» W 30-23,16,0,NA,4,10,14
Ty,2016,P2,WR,Willie Snead,NO,TB,» W 31-24,8,0,2,2,8,10
Ty,2016,P2,QB,Drew Brees,NO,TB,» W 31-24,35,0,3,15,20,35
Ty,2016,P2,WR,Michael Crabtree,Oak,Ind,» W 33-25,13,0,3,9,4,13
Ty,2016,P2,RB,Carlos Hyde,SF,@LA,» W 22-21,9,0,1,9,NA,NA
Ty,2016,P2,RB,Zach Zenner,Det,@Dal,» L 21-42,16,0,2,20,16,36
Ty,2016,P2,WR,Rishard Matthews,Ten,@Jax,» L 17-38,26,0,3,9,17,26
Ty,2016,P2,D/ST,Seahawks D/ST,Sea,Ari,» L 31-34,12,0,NA,NA,NA,NA
Ty,2016,P2,WR,Antonio Brown,Pit,Bal,» W 31-27,15,0,1,15,NA,NA
Ty,2016,P2,WR,Jordy Nelson,GB,Min,» W 38-25,33,0,3,27,6,33
Ty,2016,P2,TE,Delanie Walker,Ten,@Jax,» L 17-38,11,0,3,8,3,11
Ty,2016,P2,RB,LeSean McCoy,Buf,Mia,» L 31-34,20,0,3,19,1,20
Ty,2016,P2,K,Stephen Gostkowski,NE,NYJ,» W 41-3,18,0,NA,11,9,20
Chad,2013,P1,D/ST,Panthers D/ST,Car,@NO,» L 13-31,16,0,NA,NA,NA,NA
Chad,2013,P1,WR,Alshon Jeffery,Chi,Dal,» W 45-28,27,0,3,14,13,27
Chad,2013,P1,RB,Le'Veon Bell,Pit,Mia,» L 28-34,23,0,3,7,16,23
Chad,2013,P1,WR,Josh Gordon,Cle,@NE,» L 26-27,36,0,3,24,12,36
Chad,2013,P1,TE,Jordan Cameron,Cle,@NE,» L 26-27,20,0,3,18,2,20
Chad,2013,P1,RB,Chris Ogbonnaya,Cle,@NE,» L 26-27,5,0,3,2,3,5
Chad,2013,P1,QB,Tom Brady,NE,Cle,» W 27-26,42,0,3,22,20,42
Chad,2013,P1,WR,Rueben Randle,NYG,@SD,» L 14-37,2,0,1,2,NA,NA
Chad,2013,P1,K,Billy Cundiff,Cle,@NE,» L 26-27,13,0,NA,8,7,15
Chad,2013,P1,WR,T.Y. Hilton,Ind,@Cin,» L 28-42,7,0,2,0,7,7
Chad,2013,P2,D/ST,Panthers D/ST,Car,NO,» W 17-13,29,0,NA,NA,NA,NA
Chad,2013,P2,WR,Alshon Jeffery,Chi,@Phi,» L 11-54,13,0,3,7,6,13
Chad,2013,P2,RB,Le'Veon Bell,Pit,@GB,» W 38-31,31,0,3,16,15,31
Chad,2013,P2,WR,Josh Gordon,Cle,@NYJ,» L 13-24,19,0,3,11,8,19
Chad,2013,P2,TE,Jordan Cameron,Cle,@NYJ,» L 13-24,6,0,2,NA,6,NA
Chad,2013,P2,RB,Chris Ogbonnaya,Cle,@NYJ,» L 13-24,0,0,1,0,0,0
Chad,2013,P2,QB,Tom Brady,NE,@Bal,» W 41-7,18,0,3,10,8,18
Chad,2013,P2,WR,Rueben Randle,NYG,@Det,» W 23-20,4,0,1,4,NA,NA
Chad,2013,P2,K,Billy Cundiff,Cle,@NYJ,» L 13-24,8,0,3,7,1,8
Chad,2013,P2,WR,T.Y. Hilton,Ind,@KC,» W 23-7,20,0,3,5,15,20
Chad,2014,P1,QB,Johnny Manziel,Cle,Ind,» L 24-25,0,0,2,NA,0,NA
Chad,2014,P1,WR,DeAndre Hopkins,Hou,@Jac,» W 27-13,11,0,3,4,7,11
Chad,2014,P1,K,Dan Bailey,Dal,@Chi,» W 41-28,20,0,NA,11,8,19
Chad,2014,P1,QB,Jay Cutler,Chi,Dal,» L 28-41,25,0,1,25,13,38
Chad,2014,P1,RB,Jamaal Charles,KC,@Ari,» L 14-17,28,0,3,23,5,28
Chad,2014,P1,WR,Josh Gordon,Cle,Ind,» L 24-25,5,0,3,1,4,5
Chad,2014,P1,TE,Jason Witten,Dal,@Chi,» W 41-28,8,0,3,2,6,8
Chad,2014,P1,D/ST,Eagles D/ST,Phi,Sea,» L 14-24,4,0,NA,NA,NA,NA
Chad,2014,P1,RB,Mark Ingram,NO,Car,» L 10-41,14,0,3,3,11,14
Chad,2014,P1,WR,Odell Beckham Jr.,NYG,@Ten,» W 36-7,49,0,3,NA,NA,NA
Chad,2014,P1,WR,T.Y. Hilton,Ind,@Cle,» W 25-24,30,0,3,25,5,30
Chad,2014,P2,K,Dan Bailey,Dal,Ind,» W 42-7,17,0,NA,6,14,20
Chad,2014,P2,WR,Sammy Watkins,Buf,@Oak,» L 24-26,18,0,3,13,5,18
Chad,2014,P2,D/ST,Eagles D/ST,Phi,@Wsh,» L 24-27,10,0,NA,NA,NA,NA
Chad,2014,P2,WR,Jarvis Landry,Mia,Min,» W 37-35,1,0,1,1,5,6
Chad,2014,P2,QB,Matthew Stafford,Det,@Chi,» W 20-14,20,0,2,5,20,25
Chad,2014,P2,WR,Odell Beckham Jr.,NYG,@StL,» W 37-27,50,0,3,NA,NA,NA
Chad,2014,P2,QB,Johnny Manziel,Cle,@Car,» L 13-17,1,0,1,1,NA,NA
Chad,2014,P2,WR,DeAndre Hopkins,Hou,Bal,» W 25-13,0,0,2,3,0,3
Chad,2014,P2,RB,Jamaal Charles,KC,@Pit,» L 12-20,9,0,3,4,5,9
Chad,2014,P2,WR,Josh Gordon,Cle,@Car,» L 13-17,4,0,1,4,NA,NA
Chad,2014,P2,WR,Eddie Royal,Chi,Det,» L 14-20,9,0,2,15,9,24
Chad,2014,P2,TE,Jason Witten,Dal,Ind,» W 42-7,19,0,3,15,4,19
Chad,2014,P2,RB,Mark Ingram,NO,Atl,» L 14-30,21,0,3,10,11,21
Chad,2015,P1,K,Brandon McManus,Den,Oak,» L 12-15,13,0,NA,12,3,15
Chad,2015,P1,RB,T.J. Yeldon,Jax,Ind,» W 51-16,6,0,1,6,NA,NA
Chad,2015,P1,RB,Devonta Freeman,Atl,@Car,» L 0-38,19,0,3,4,15,19
Chad,2015,P1,RB,Denard Robinson,Jax,Ind,» W 51-16,8,0,2,14,8,22
Chad,2015,P1,TE,Benjamin Watson,Bal,Sea,» L 6-35,17,0,3,7,10,17
Chad,2015,P1,WR,Antonio Brown,Pit,@Cin,» W 33-20,38,0,3,8,30,38
Chad,2015,P1,QB,Blake Bortles,Jax,Ind,» W 51-16,48,0,3,25,23,48
Chad,2015,P1,WR,DeSean Jackson,Wsh,@Chi,» W 24-21,25,0,3,4,21,25
Chad,2015,P1,D/ST,Broncos D/ST,Den,Oak,» L 12-15,12,0,NA,NA,NA,NA
Chad,2015,P1,RB,Frank Gore,Ind,@Jax,» L 16-51,11,0,3,6,5,11
Chad,2015,P1,WR,Odell Beckham Jr.,NYG,@Mia,» W 31-24,41,0,3,NA,NA,NA
Chad,2015,P2,K,Brandon McManus,Den,Cin,» W 20-17,15,0,NA,8,9,17
Chad,2015,P2,WR,Stefon Diggs,Min,NYG,» W 49-17,1,0,1,1,0,1
Chad,2015,P2,RB,Devonta Freeman,Atl,Car,» W 20-13,26,0,3,14,12,26
Chad,2015,P2,RB,Denard Robinson,Jax,@NO,» L 27-38,7,0,1,7,-2,5
Chad,2015,P2,TE,Benjamin Watson,Bal,Pit,» W 20-17,11,0,3,0,11,11
Chad,2015,P2,WR,Antonio Brown,Pit,@Bal,» L 17-20,28,0,3,6,22,28
Chad,2015,P2,QB,Blake Bortles,Jax,@NO,» L 27-38,31,0,3,28,3,31
Chad,2015,P2,WR,DeSean Jackson,Wsh,@Phi,» W 38-24,4,0,1,4,NA,NA
Chad,2015,P2,WR,Jordan Matthews,Phi,Wsh,» L 24-38,17,0,2,16,17,33
Chad,2015,P2,D/ST,Broncos D/ST,Den,Cin,» W 20-17,12,0,NA,NA,NA,NA
Chad,2015,P2,WR,Odell Beckham Jr.,NYG,@Min,» L 17-49,5,0,2,0,5,5
Chad,2015,P2,RB,Frank Gore,Ind,@Mia,» W 18-12,28,0,3,21,7,28
Chad,2016,P1,RB,DeMarco Murray,Ten,Den,» W 13-10,28,0,3,15,13,28
Chad,2016,P1,RB,Thomas Rawls,Sea,@GB,» L 10-38,3,0,2,6,3,9
Chad,2016,P1,WR,Malcolm Mitchell,NE,Bal,» W 30-23,10,0,1,10,1,11
Chad,2016,P1,D/ST,Ravens D/ST,Bal,@NE,» L 23-30,3,0,NA,NA,NA,NA
Chad,2016,P1,WR,Dez Bryant,Dal,@NYG,» L 7-10,7,0,3,-1,8,7
Chad,2016,P1,QB,Derek Carr,Oak,@KC,» L 13-21,14,0,3,4,10,14
Chad,2016,P1,WR,Brandin Cooks,NE,Bal,» W 30-23,36,0,3,6,30,36
Chad,2016,P1,WR,Adam Thielen,Min,@Jax,» W 25-16,0,0,2,10,NA,NA
Chad,2016,P1,RB,Todd Gurley,LA,Atl,» L 14-42,14,0,1,14,3,17
Chad,2016,P1,D/ST,Falcons D/ST,Atl,@LA,» W 42-14,26,0,NA,NA,NA,NA
Chad,2016,P1,K,Justin Tucker,Bal,@NE,» L 23-30,22,0,NA,13,11,24
Chad,2016,P1,RB,Jordan Howard,Chi,@Det,» L 17-20,27,0,3,10,17,27
Chad,2016,P1,TE,Jimmy Graham,Sea,@GB,» L 10-38,4,0,3,1,3,4
Chad,2016,P2,WR,Allen Robinson,Jax,Ten,» W 38-17,22,0,3,14,8,22
Chad,2016,P2,WR,Dez Bryant,Dal,Det,» W 42-21,23,0,1,23,NA,NA
Chad,2016,P2,QB,Derek Carr,Oak,Ind,» W 33-25,21,0,1,21,NA,NA
Chad,2016,P2,WR,Brandin Cooks,NE,NYJ,» W 41-3,10,0,3,9,1,10
Chad,2016,P2,WR,Adam Thielen,Min,@GB,» L 25-38,0,0,2,32,0,32
Chad,2016,P2,RB,Todd Gurley,LA,SF,» L 21-22,14,0,1,14,7,21
Chad,2016,P2,K,Justin Tucker,Bal,@Pit,» L 27-31,19,0,NA,13,4,17
Chad,2016,P2,TE,Jimmy Graham,Sea,Ari,» L 31-34,16,0,3,10,6,16
Chad,2016,P2,RB,Jordan Howard,Chi,Wsh,» L 21-41,24,0,3,11,13,24
Chad,2016,P2,RB,DeMarco Murray,Ten,@Jax,» L 17-38,7,0,3,5,2,7
Chad,2016,P2,RB,Thomas Rawls,Sea,Ari,» L 31-34,7,0,2,0,7,7
Chad,2016,P2,D/ST,Ravens D/ST,Bal,@Pit,» L 27-31,0,0,NA,NA,NA,NA
Chad,2016,P2,QB,Russell Wilson,Sea,Ari,» L 31-34,14,0,2,33,14,47
Chad,2016,P2,D/ST,Bills D/ST,Buf,Mia,» L 31-34,-4,0,NA,NA,NA,NA
Lucas,2013,P1,RB,Ray Rice,Bal,Min,» W 29-26,15,0,3,10,5,15
Lucas,2013,P1,WR,Victor Cruz,NYG,@SD,» L 14-37,6,0,3,4,2,6
Lucas,2013,P1,WR,Steve Johnson,Buf,@TB,» L 6-27,6,0,1,6,0,6
Lucas,2013,P1,RB,Giovani Bernard,Cin,Ind,» W 42-28,23,0,3,13,10,23
Lucas,2013,P1,K,Josh Brown,NYG,@SD,» L 14-37,2,0,1,2,NA,NA
Lucas,2013,P1,D/ST,Browns D/ST,Cle,@NE,» L 26-27,17,0,NA,NA,NA,NA
Lucas,2013,P1,WR,Jordy Nelson,GB,Atl,» W 22-21,20,0,3,8,12,20
Lucas,2013,P1,QB,Robert Griffin III,Wsh,KC,» L 10-45,10,0,3,NA,NA,NA
Lucas,2013,P1,TE,Zach Miller,Sea,@SF,» L 17-19,1,0,1,1,0,1
Lucas,2013,P1,WR,Kenbrell Thompkins,NE,Cle,» W 27-26,0,0,2,0,0,NA
Lucas,2013,P2,RB,Ray Rice,Bal,NE,» L 7-41,12,0,3,6,6,12
Lucas,2013,P2,WR,Victor Cruz,NYG,@Det,» W 23-20,0,0,3,0,0,0
Lucas,2013,P2,WR,Steve Johnson,Buf,Mia,» W 19-0,0,0,3,0,0,0
Lucas,2013,P2,RB,Giovani Bernard,Cin,Min,» W 42-14,13,0,3,6,7,13
Lucas,2013,P2,K,Josh Brown,NYG,@Det,» W 23-20,20,0,NA,13,8,21
Lucas,2013,P2,D/ST,Browns D/ST,Cle,@NYJ,» L 13-24,4,0,NA,NA,NA,NA
Lucas,2013,P2,WR,Jordy Nelson,GB,Pit,» L 31-38,20,0,3,4,16,20
Lucas,2013,P2,QB,Robert Griffin III,Wsh,Dal,» L 23-24,0,0,3,0,0,0
Lucas,2013,P2,TE,Zach Miller,Sea,Ari,» L 10-17,9,0,3,7,2,9
Lucas,2013,P2,WR,Kenbrell Thompkins,NE,@Bal,» W 41-7,0,0,3,0,0,0
Lucas,2014,P1,WR,Dez Bryant,Dal,@Chi,» W 41-28,37,0,3,8,29,37
Lucas,2014,P1,RB,Jonathan Stewart,Car,@NO,» W 41-10,5,0,2,21,5,26
Lucas,2014,P1,D/ST,49ers D/ST,SF,@Oak,» L 13-24,1,0,NA,NA,NA,NA
Lucas,2014,P1,D/ST,Jets D/ST,NYJ,@Min,» L 24-30,6,0,NA,NA,NA,NA
Lucas,2014,P1,WR,Donte Moncrief,Ind,@Cle,» W 25-24,3,0,1,3,NA,NA
Lucas,2014,P1,WR,Jordan Matthews,Phi,Sea,» L 14-24,0,0,2,2,NA,NA
Lucas,2014,P1,RB,Andre Ellington,Ari,KC,» W 17-14,0,0,1,0,NA,NA
Lucas,2014,P1,RB,Eddie Lacy,GB,Atl,» W 43-37,38,0,3,22,16,38
Lucas,2014,P1,QB,Cam Newton,Car,@NO,» W 41-10,35,0,1,35,NA,NA
Lucas,2014,P1,QB,Ben Roethlisberger,Pit,@Cin,» W 42-21,14,0,2,28,14,42
Lucas,2014,P1,K,Matt Prater,Det,TB,» W 34-17,21,0,NA,10,10,20
Lucas,2014,P1,TE,Jared Cook,StL,@Wsh,» W 24-0,20,0,3,18,2,20
Lucas,2014,P1,WR,Emmanuel Sanders,Den,Buf,» W 24-17,11,0,3,6,5,11
Lucas,2014,P1,WR,Demaryius Thomas,Den,Buf,» W 24-17,19,0,3,1,18,19
Lucas,2014,P2,QB,Ben Roethlisberger,Pit,KC,» W 20-12,28,0,3,12,16,28
Lucas,2014,P2,K,Matt Prater,Det,@Chi,» W 20-14,7,0,NA,8,2,10
Lucas,2014,P2,WR,Dez Bryant,Dal,Ind,» W 42-7,34,0,3,13,21,34
Lucas,2014,P2,RB,Jonathan Stewart,Car,Cle,» W 17-13,24,0,3,18,6,24
Lucas,2014,P2,TE,Jared Cook,StL,NYG,» L 27-37,7,0,3,4,3,7
Lucas,2014,P2,D/ST,49ers D/ST,SF,SD,» L 35-38,16,0,NA,NA,NA,NA
Lucas,2014,P2,WR,Emmanuel Sanders,Den,@Cin,» L 28-37,26,0,3,19,7,26
Lucas,2014,P2,WR,Jordan Matthews,Phi,@Wsh,» L 24-27,21,0,3,5,16,21
Lucas,2014,P2,WR,Demaryius Thomas,Den,@Cin,» L 28-37,22,0,3,11,11,22
Lucas,2014,P2,RB,Eddie Lacy,GB,@TB,» W 20-3,25,0,3,15,10,25
Lucas,2015,P1,WR,Tyler Lockett,Sea,@Bal,» W 35-6,11,0,2,22,11,33
Lucas,2015,P1,K,Steven Hauschka,Sea,@Bal,» W 35-6,18,0,NA,5,12,17
Lucas,2015,P1,D/ST,Seahawks D/ST,Sea,@Bal,» W 35-6,19,0,NA,NA,NA,NA
Lucas,2015,P1,WR,John Brown,Ari,Min,» W 23-20,22,0,3,13,9,22
Lucas,2015,P1,QB,Tom Brady,NE,@Hou,» W 27-6,36,0,3,18,18,36
Lucas,2015,P1,WR,Danny Amendola,NE,@Hou,» W 27-6,4,0,1,4,-2,2
Lucas,2015,P1,RB,Ronnie Hillman,Den,Oak,» L 12-15,6,0,1,6,2,8
Lucas,2015,P1,RB,Chris Ivory,Jax,Ind,» W 51-16,13,0,3,10,3,13
Lucas,2015,P1,TE,Delanie Walker,Ten,@NYJ,» L 8-30,25,0,3,7,18,25
Lucas,2015,P1,RB,Eddie Lacy,GB,Dal,» W 28-7,2,0,2,20,2,22
Lucas,2015,P1,WR,Eric Decker,NYJ,Ten,» W 30-8,24,0,3,13,11,24
Lucas,2015,P1,WR,Demaryius Thomas,Den,Oak,» L 12-15,25,0,3,7,18,25
Lucas,2015,P2,D/ST,Texans D/ST,Hou,@Ten,» W 34-6,28,0,NA,NA,NA,NA
Lucas,2015,P2,WR,Tyler Lockett,Sea,StL,» L 17-23,3,0,1,3,3,6
Lucas,2015,P2,K,Steven Hauschka,Sea,StL,» L 17-23,18,0,NA,5,16,21
Lucas,2015,P2,D/ST,Seahawks D/ST,Sea,StL,» L 17-23,2,0,NA,NA,NA,NA
Lucas,2015,P2,WR,John Brown,Ari,GB,» W 38-8,12,0,3,8,4,12
Lucas,2015,P2,QB,Tom Brady,NE,@NYJ,» L 20-26,16,0,3,11,5,16
Lucas,2015,P2,RB,Ronnie Hillman,Den,Cin,» W 20-17,18,0,2,6,18,24
Lucas,2015,P2,RB,Chris Ivory,Jax,@NO,» L 27-38,11,0,3,3,8,11
Lucas,2015,P2,TE,Delanie Walker,Ten,Hou,» L 6-34,17,0,3,5,12,17
Lucas,2015,P2,WR,Eric Decker,NYJ,NE,» W 26-20,21,0,3,10,11,21
Lucas,2015,P2,WR,Demaryius Thomas,Den,Cin,» W 20-17,22,0,3,5,17,22
Lucas,2015,P2,RB,Eddie Lacy,GB,@Ari,» L 8-38,17,0,3,14,3,17
Lucas,2016,P1,D/ST,Packers D/ST,GB,Sea,» W 38-10,6,0,NA,NA,NA,NA
Lucas,2016,P1,K,Steven Hauschka,Buf,Pit,» L 20-27,11,0,NA,4,6,10
Lucas,2016,P1,TE,Greg Olsen,Car,SD,» W 28-16,16,0,3,8,8,16
Lucas,2016,P1,WR,John Brown,Ari,@Mia,» L 23-26,14,0,2,NA,14,NA
Lucas,2016,P1,WR,Larry Fitzgerald,Ari,@Mia,» L 23-26,4,0,3,1,3,4
Lucas,2016,P1,D/ST,Broncos D/ST,Den,@Ten,» L 10-13,7,0,NA,NA,NA,NA
Lucas,2016,P1,RB,Frank Gore,Ind,Hou,» L 17-22,24,0,3,13,11,24
Lucas,2016,P1,WR,Demaryius Thomas,Den,@Ten,» L 10-13,21,0,3,12,9,21
Lucas,2016,P1,QB,Cam Newton,Car,SD,» W 28-16,31,0,3,11,20,31
Lucas,2016,P1,RB,Bilal Powell,NYJ,@SF,» W 23-17,44,0,3,29,15,44
Lucas,2016,P1,WR,Michael Thomas,NO,@TB,» L 11-16,11,0,2,NA,11,NA
Lucas,2016,P2,D/ST,Packers D/ST,GB,Min,» W 38-25,5,0,NA,NA,NA,NA
Lucas,2016,P2,K,Steven Hauschka,Buf,Mia,» L 31-34,13,0,2,5,13,18
Lucas,2016,P2,TE,Greg Olsen,Car,Atl,» L 16-33,7,0,3,5,2,7
Lucas,2016,P2,WR,John Brown,Ari,@Sea,» W 34-31,3,0,3,1,2,3
Lucas,2016,P2,D/ST,Broncos D/ST,Den,@KC,» L 10-33,14,0,NA,NA,NA,NA
Lucas,2016,P2,QB,Aaron Rodgers,GB,Min,» W 38-25,34,0,2,36,34,70
Lucas,2016,P2,WR,Larry Fitzgerald,Ari,@Sea,» W 34-31,13,0,3,3,10,13
Lucas,2016,P2,RB,Frank Gore,Ind,@Oak,» L 25-33,13,0,3,6,7,13
Lucas,2016,P2,WR,Demaryius Thomas,Den,@KC,» L 10-33,6,0,3,2,4,6
Lucas,2016,P2,QB,Cam Newton,Car,Atl,» L 16-33,10,0,1,10,7,17
Lucas,2016,P2,RB,Bilal Powell,NYJ,@NE,» L 3-41,26,0,3,7,19,26
Lucas,2016,P2,WR,Michael Thomas,NO,TB,» W 31-24,30,0,3,9,21,30
Seth,2013,P1,RB,DeMarco Murray,Dal,@Chi,» L 28-45,34,0,3,14,20,34
Seth,2013,P1,RB,Rashard Mendenhall,Ari,StL,» W 30-10,18,0,2,10,18,28
Seth,2013,P1,RB,Andre Brown,Hou,@Jac,» L 20-27,8,0,3,7,1,8
Seth,2013,P1,RB,Joique Bell,Det,@Phi,» L 20-34,15,0,1,15,4,19
Seth,2013,P1,K,Mason Crosby,GB,Atl,» W 22-21,20,0,NA,10,9,19
Seth,2013,P1,WR,Marques Colston,NO,Car,» W 31-13,15,0,2,24,15,39
Seth,2013,P1,TE,Tony Gonzalez,Atl,@GB,» L 21-22,20,0,3,8,12,20
Seth,2013,P1,D/ST,Cardinals D/ST,Ari,StL,» W 30-10,30,0,NA,NA,NA,NA
Seth,2013,P1,WR,James Jones,Oak,@NYJ,» L 27-37,1,0,1,1,10,11
Seth,2013,P1,WR,Larry Fitzgerald,Ari,StL,» W 30-10,19,0,3,15,4,19
Seth,2013,P1,WR,Keenan Allen,SD,NYG,» W 37-14,31,0,3,17,14,31
Seth,2013,P1,QB,Matt Ryan,Atl,@GB,» L 21-22,20,0,3,12,8,20
Seth,2013,P2,RB,Joique Bell,Det,NYG,» L 20-23,5,0,2,21,5,26
Seth,2013,P2,RB,Andre Brown,Hou,Den,» L 13-37,3,0,1,3,-1,2
Seth,2013,P2,K,Mason Crosby,GB,Pit,» L 31-38,16,0,3,7,9,16
Seth,2013,P2,WR,Marques Colston,NO,@Car,» L 13-17,12,0,3,6,6,12
Seth,2013,P2,TE,Tony Gonzalez,Atl,@SF,» L 24-34,17,0,3,12,5,17
Seth,2013,P2,WR,Larry Fitzgerald,Ari,@Sea,» W 17-10,11,0,2,1,11,12
Seth,2013,P2,WR,Keenan Allen,SD,Oak,» W 26-13,14,0,3,6,8,14
Seth,2013,P2,RB,DeMarco Murray,Dal,@Wsh,» W 24-23,27,0,3,22,5,27
Seth,2013,P2,QB,Ben Roethlisberger,Pit,@GB,» W 38-31,26,0,3,19,7,26
Seth,2013,P2,D/ST,Lions D/ST,Det,NYG,» L 20-23,10,0,NA,NA,NA,NA
Seth,2013,P2,D/ST,Colts D/ST,Ind,@KC,» W 23-7,9,0,NA,NA,NA,NA
Seth,2013,P2,WR,Anquan Boldin,SF,Atl,» W 34-24,13,0,1,13,21,34
Seth,2013,P2,WR,Danny Amendola,NE,@Bal,» W 41-7,4,0,1,4,0,4
Seth,2013,P2,WR,James Jones,Oak,@SD,» L 13-26,4,0,2,8,4,12
Seth,2014,P1,RB,DeMarco Murray,Phi,Sea,» L 14-24,47,0,3,27,20,47
Seth,2014,P1,TE,Martellus Bennett,Chi,Dal,» L 28-41,19,0,3,14,5,19
Seth,2014,P1,D/ST,Lions D/ST,Det,TB,» W 34-17,25,0,NA,NA,NA,NA
Seth,2014,P1,WR,Randall Cobb,GB,Atl,» W 43-37,15,0,3,5,10,15
Seth,2014,P1,WR,Kenny Stills,Mia,Bal,» L 13-28,8,0,3,2,6,8
Seth,2014,P1,WR,Antonio Brown,Pit,@Cin,» W 42-21,23,0,3,11,12,23
Seth,2014,P1,QB,Philip Rivers,SD,NE,» L 14-23,18,0,3,9,9,18
Seth,2014,P1,K,Justin Tucker,Bal,@Mia,» W 28-13,6,0,NA,4,8,12
Seth,2014,P1,WR,Keenan Allen,SD,NE,» L 14-23,1,0,2,0,1,1
Seth,2014,P1,RB,Arian Foster,Hou,@Jac,» W 27-13,30,0,3,20,10,30
Seth,2014,P2,RB,DeMarco Murray,Phi,@Wsh,» L 24-27,11,0,1,11,18,29
Seth,2014,P2,K,Matt Bryant,Atl,@NO,» W 30-14,18,0,NA,14,3,17
Seth,2014,P2,TE,Martellus Bennett,Chi,Det,» L 14-20,5,0,2,NA,5,NA
Seth,2014,P2,D/ST,Lions D/ST,Det,@Chi,» W 20-14,12,0,NA,NA,NA,NA
Seth,2014,P2,WR,Randall Cobb,GB,@TB,» W 20-3,31,0,3,13,18,31
Seth,2014,P2,WR,Kenny Stills,Mia,Min,» W 37-35,14,0,3,6,8,14
Seth,2014,P2,WR,Antonio Brown,Pit,KC,» W 20-12,37,0,3,13,24,37
Seth,2014,P2,RB,Jeremy Hill,Cin,Den,» W 37-28,11,0,2,18,11,29
Seth,2014,P2,QB,Matt Ryan,Atl,@NO,» W 30-14,22,0,3,16,6,22
Seth,2014,P2,WR,Martavis Bryant,Pit,KC,» W 20-12,12,0,3,4,8,12
Seth,2014,P2,RB,Arian Foster,Hou,Bal,» W 25-13,24,0,3,15,9,24
Seth,2015,P1,K,Chandler Catanzaro,Ari,Min,» W 23-20,22,0,NA,11,10,21
Seth,2015,P1,WR,Michael Crabtree,Oak,@Den,» W 15-12,1,0,1,1,7,8
Seth,2015,P1,QB,Russell Wilson,Sea,@Bal,» W 35-6,56,0,3,31,25,56
Seth,2015,P1,WR,Sammy Watkins,Buf,@Phi,» L 20-23,37,0,3,14,23,37
Seth,2015,P1,WR,Doug Baldwin,Sea,@Bal,» W 35-6,16,0,2,26,16,42
Seth,2015,P1,WR,Allen Hurns,Jax,Ind,» W 51-16,4,0,2,16,4,20
Seth,2015,P1,D/ST,Steelers D/ST,Pit,@Cin,» W 33-20,5,0,NA,NA,NA,NA
Seth,2015,P1,TE,Richard Rodgers,GB,Dal,» W 28-7,6,0,1,6,0,6
Seth,2015,P1,RB,David Johnson,Ari,Min,» W 23-20,52,0,3,12,40,52
Seth,2015,P1,RB,LeSean McCoy,Buf,@Phi,» L 20-23,12,0,3,10,2,12
Seth,2015,P1,RB,Jeremy Hill,Cin,Pit,» L 20-33,14,0,3,1,13,14
Seth,2015,P1,D/ST,Bears D/ST,Chi,Wsh,» L 21-24,4,0,NA,NA,NA,NA
Seth,2015,P1,WR,T.Y. Hilton,Ind,@Jax,» L 16-51,13,0,1,13,2,15
Seth,2015,P2,K,Chandler Catanzaro,Ari,GB,» W 38-8,5,0,NA,8,NA,NA
Seth,2015,P2,RB,Danny Woodhead,SD,@Oak,» L 20-23,10,0,1,10,6,16
Seth,2015,P2,WR,Michael Crabtree,Oak,SD,» W 23-20,18,0,3,9,9,18
Seth,2015,P2,QB,Russell Wilson,Sea,StL,» L 17-23,38,0,3,18,20,38
Seth,2015,P2,WR,Sammy Watkins,Buf,Dal,» W 16-6,21,0,3,8,13,21
Seth,2015,P2,WR,Doug Baldwin,Sea,StL,» L 17-23,4,0,2,17,4,21
Seth,2015,P2,WR,Allen Hurns,Jax,@NO,» L 27-38,23,0,3,22,1,23
Seth,2015,P2,D/ST,Steelers D/ST,Pit,@Bal,» L 17-20,20,0,NA,NA,NA,NA
Seth,2015,P2,RB,David Johnson,Ari,GB,» W 38-8,22,0,3,17,5,22
Seth,2015,P2,RB,Jeremy Hill,Cin,@Den,» L 17-20,16,0,2,6,16,22
Seth,2015,P2,TE,Zach Ertz,Phi,Wsh,» L 24-38,25,0,3,10,15,25
Seth,2015,P2,WR,T.Y. Hilton,Ind,@Mia,» W 18-12,6,0,1,6,4,10
Seth,2016,P1,K,Mason Crosby,GB,Sea,» W 38-10,17,0,NA,8,12,20
Seth,2016,P1,TE,Hunter Henry,SD,@Car,» L 16-28,9,0,2,7,9,16
Seth,2016,P1,WR,Jarvis Landry,Mia,Ari,» W 26-23,24,0,3,8,16,24
Seth,2016,P1,WR,Jordan Matthews,Phi,Wsh,» L 22-27,2,0,2,7,2,9
Seth,2016,P1,"WR, RB",Ty Montgomery,GB,Sea,» W 38-10,28,0,2,14,28,42
Seth,2016,P1,RB,Latavius Murray,Min,@Jax,» W 25-16,23,0,3,16,7,23
Seth,2016,P1,RB,David Johnson,Ari,@Mia,» L 23-26,34,0,NA,1,22,23
Seth,2016,P1,TE,C.J. Fiedorowicz,Hou,@Ind,» W 22-17,3,0,1,3,NA,NA
Seth,2016,P1,RB,Terrance West,Bal,@NE,» L 23-30,2,0,1,2,11,13
Seth,2016,P1,D/ST,Raiders D/ST,Oak,@KC,» L 13-21,19,0,NA,NA,NA,NA
Seth,2016,P1,QB,Kirk Cousins,Wsh,@Phi,» W 27-22,24,0,3,15,9,24
Seth,2016,P1,WR,Kenny Britt,Cle,Cin,» L 10-23,8,0,1,8,5,13
Seth,2016,P1,WR,Davante Adams,GB,Sea,» W 38-10,18,0,3,16,2,18
Seth,2016,P2,D/ST,Raiders D/ST,Oak,Ind,» W 33-25,7,0,NA,NA,NA,NA
Seth,2016,P2,QB,Kirk Cousins,Wsh,@Chi,» W 41-21,40,0,3,29,11,40
Seth,2016,P2,K,Mason Crosby,GB,Min,» W 38-25,15,0,3,8,7,15
Seth,2016,P2,TE,Hunter Henry,SD,@Cle,» L 17-20,10,0,2,NA,10,NA
Seth,2016,P2,WR,Jarvis Landry,Mia,@Buf,» W 34-31,15,0,3,2,13,15
Seth,2016,P2,"WR, RB",Ty Montgomery,GB,Min,» W 38-25,8,0,3,3,5,8
Seth,2016,P2,WR,Jordan Matthews,Phi,NYG,» W 24-19,1,0,1,1,NA,NA
Seth,2016,P2,RB,David Johnson,Ari,@Sea,» W 34-31,32,0,3,29,3,32
Seth,2016,P2,RB,Latavius Murray,Min,@GB,» L 25-38,7,0,3,5,2,7
Seth,2016,P2,RB,Darren McFadden,Dal,Det,» W 42-21,3,0,2,4,3,7
Seth,2016,P2,WR,Davante Adams,GB,Min,» W 38-25,27,0,3,10,17,27
Matty,2013,P1,K,Phil Dawson,SF,Sea,» W 19-17,17,0,NA,15,15,30
Matty,2013,P1,WR,Dez Bryant,Dal,@Chi,» L 28-45,28,0,3,7,21,28
Matty,2013,P1,QB,Peyton Manning,Den,Ten,» W 51-28,48,0,3,31,17,48
Matty,2013,P1,RB,Ben Tate,Cle,@NE,» L 26-27,14,0,3,5,9,14
Matty,2013,P1,TE,Vernon Davis,SF,Sea,» W 19-17,21,0,3,8,13,21
Matty,2013,P1,WR,Antonio Brown,Pit,Mia,» L 28-34,37,0,3,19,18,37
Matty,2013,P1,WR,DeSean Jackson,Wsh,KC,» L 10-45,36,0,3,10,25,35
Matty,2013,P1,RB,Maurice Jones-Drew,Oak,@NYJ,» L 27-37,12,0,1,12,NA,NA
Matty,2013,P1,RB,Alfred Morris,Wsh,KC,» L 10-45,8,0,3,3,5,8
Matty,2013,P1,K,Justin Tucker,Bal,Min,» W 29-26,3,0,1,3,22,25
Matty,2013,P1,D/ST,Bills D/ST,Buf,@TB,» L 6-27,17,0,NA,NA,NA,NA
Matty,2013,P2,K,Phil Dawson,SF,Atl,» W 34-24,22,0,NA,10,13,23
Matty,2013,P2,WR,Dez Bryant,Dal,@Wsh,» W 24-23,28,0,3,13,15,28
Matty,2013,P2,D/ST,Dolphins D/ST,Mia,@Buf,» L 0-19,1,0,NA,NA,NA,NA
Matty,2013,P2,QB,Peyton Manning,Den,@Hou,» W 37-13,58,0,3,32,26,58
Matty,2013,P2,TE,Vernon Davis,SF,Atl,» W 34-24,10,0,2,NA,10,NA
Matty,2013,P2,WR,Antonio Brown,Pit,@GB,» W 38-31,18,0,3,10,8,18
Matty,2013,P2,WR,DeSean Jackson,Wsh,Dal,» L 23-24,5,0,3,3,2,5
Matty,2013,P2,RB,Dennis Johnson,Hou,Den,» L 13-37,2,0,1,2,NA,NA
Matty,2013,P2,RB,Alfred Morris,Wsh,Dal,» L 23-24,20,0,3,14,6,20
Matty,2013,P2,WR,Pierre Garcon,Wsh,Dal,» L 23-24,25,0,3,20,5,25
Matty,2014,P1,WR,Torrey Smith,SF,@Oak,» L 13-24,1,0,2,NA,1,NA
Matty,2014,P1,TE,Jordan Reed,Wsh,StL,» L 0-24,3,0,3,2,1,3
Matty,2014,P1,QB,Peyton Manning,Den,Buf,» W 24-17,15,0,3,2,13,15
Matty,2014,P1,D/ST,Colts D/ST,Ind,@Cle,» W 25-24,17,0,NA,NA,NA,NA
Matty,2014,P1,RB,Giovani Bernard,Cin,Pit,» L 21-42,11,0,3,2,9,11
Matty,2014,P1,WR,DeSean Jackson,Wsh,StL,» L 0-24,1,0,2,NA,1,NA
Matty,2014,P1,WR,Rueben Randle,NYG,@Ten,» W 36-7,3,0,2,0,3,3
Matty,2014,P1,WR,James Jones,Oak,SF,» W 24-13,12,0,3,1,11,12
Matty,2014,P1,RB,Frank Gore,Ind,@Cle,» W 25-24,14,0,3,6,8,14
Matty,2014,P1,K,Stephen Gostkowski,NE,@SD,» W 23-14,22,0,3,11,11,22
Matty,2014,P2,WR,Torrey Smith,SF,SD,» L 35-38,31,0,3,17,14,31
Matty,2014,P2,TE,Jordan Reed,Wsh,Phi,» W 27-24,5,0,2,0,5,5
Matty,2014,P2,QB,Peyton Manning,Den,@Cin,» L 28-37,20,0,3,12,8,20
Matty,2014,P2,D/ST,Colts D/ST,Ind,@Dal,» L 7-42,11,0,NA,NA,NA,NA
Matty,2014,P2,RB,Giovani Bernard,Cin,Den,» W 37-28,13,0,1,13,11,24
Matty,2014,P2,WR,DeSean Jackson,Wsh,Phi,» W 27-24,26,0,3,12,14,26
Matty,2014,P2,WR,Doug Baldwin,Sea,@Ari,» W 35-6,15,0,3,11,4,15
Matty,2014,P2,RB,Matt Asiata,Min,@Mia,» L 35-37,30,0,3,20,10,30
Matty,2014,P2,WR,Rueben Randle,NYG,@StL,» W 37-27,15,0,2,19,15,34
Matty,2014,P2,WR,James Jones,Oak,Buf,» W 26-24,6,0,1,6,1,7
Matty,2014,P2,RB,Frank Gore,Ind,@Dal,» L 7-42,14,0,2,21,14,35
Matty,2014,P2,K,Stephen Gostkowski,NE,@NYJ,» W 17-16,15,0,NA,5,9,14
Matty,2015,P1,D/ST,Panthers D/ST,Car,Atl,» W 38-0,18,0,NA,NA,NA,NA
Matty,2015,P1,RB,LeGarrette Blount,NE,@Hou,» W 27-6,5,0,1,5,NA,NA
Matty,2015,P1,K,Dan Bailey,Dal,@GB,» L 7-28,13,0,3,1,12,13
Matty,2015,P1,RB,James Starks,GB,Dal,» W 28-7,3,0,2,22,3,25
Matty,2015,P1,TE,Greg Olsen,Car,Atl,» W 38-0,18,0,3,5,13,18
Matty,2015,P1,RB,Giovani Bernard,Cin,Pit,» L 20-33,10,0,3,6,4,10
Matty,2015,P1,WR,Marvin Jones,Det,@StL,» L 14-21,14,0,3,6,8,14
Matty,2015,P1,WR,Tavon Austin,StL,Det,» W 21-14,24,0,3,5,19,24
Matty,2015,P1,WR,Ted Ginn Jr.,Car,Atl,» W 38-0,20,0,2,0,20,20
Matty,2015,P1,WR,Davante Adams,GB,Dal,» W 28-7,1,0,1,1,3,4
Matty,2015,P1,QB,Matt Ryan,Atl,@Car,» L 0-38,15,0,3,4,11,15
Matty,2015,P1,WR,Golden Tate,Det,@StL,» L 14-21,35,0,3,19,16,35
Matty,2015,P2,D/ST,Panthers D/ST,Car,@Atl,» L 13-20,13,0,NA,NA,NA,NA
Matty,2015,P2,K,Dan Bailey,Dal,@Buf,» L 6-16,7,0,NA,6,3,9
Matty,2015,P2,QB,Ryan Fitzpatrick,NYJ,NE,» W 26-20,32,0,3,22,10,32
Matty,2015,P2,TE,Greg Olsen,Car,@Atl,» L 13-20,5,0,3,4,1,5
Matty,2015,P2,RB,Giovani Bernard,Cin,@Den,» L 17-20,7,0,3,3,4,7
Matty,2015,P2,RB,Rashad Jennings,NYG,@Min,» L 17-49,36,0,3,13,23,36
Matty,2015,P2,WR,Tavon Austin,StL,@Sea,» W 23-17,8,0,3,2,6,8
Matty,2015,P2,WR,Ted Ginn Jr.,Car,@Atl,» L 13-20,0,0,1,0,0,0
Matty,2015,P2,WR,Rueben Randle,Phi,Wsh,» L 24-38,27,0,3,14,13,27
Matty,2015,P2,WR,Davante Adams,GB,@Ari,» L 8-38,5,0,2,4,5,9
Matty,2015,P2,WR,Golden Tate,Det,SF,» W 32-17,8,0,3,5,3,8
Matty,2016,P1,RB,LeGarrette Blount,NE,Bal,» W 30-23,22,0,3,13,9,22
Matty,2016,P1,K,Dan Bailey,Dal,@NYG,» L 7-10,7,0,NA,1,14,15
Matty,2016,P1,QB,Dak Prescott,Dal,@NYG,» L 7-10,25,0,3,6,19,25
Matty,2016,P1,WR,Amari Cooper,Oak,@KC,» L 13-21,4,0,3,2,2,4
Matty,2016,P1,TE,Jordan Reed,Wsh,@Phi,» W 27-22,1,0,1,1,0,1
Matty,2016,P1,WR,Marvin Jones,Det,Chi,» W 20-17,10,0,3,6,4,10
Matty,2016,P1,RB,Rex Burkhead,NE,Bal,» W 30-23,8,0,3,4,4,8
Matty,2016,P1,D/ST,Patriots D/ST,NE,Bal,» W 30-23,22,0,NA,NA,NA,NA
Matty,2016,P1,WR,Dontrelle Inman,SD,@Car,» L 16-28,19,0,3,13,6,19
Matty,2016,P1,WR,T.Y. Hilton,Ind,Hou,» L 17-22,21,0,3,17,4,21
Matty,2016,P2,RB,LeGarrette Blount,NE,NYJ,» W 41-3,28,0,3,17,11,28
Matty,2016,P2,TE,Cameron Brate,TB,@NO,» L 24-31,7,0,1,7,NA,NA
Matty,2016,P2,K,Dan Bailey,Dal,Det,» W 42-21,14,0,NA,6,7,13
Matty,2016,P2,QB,Dak Prescott,Dal,Det,» W 42-21,24,0,3,23,1,24
Matty,2016,P2,WR,Amari Cooper,Oak,Ind,» W 33-25,16,0,3,7,9,16
Matty,2016,P2,WR,Marvin Jones,Det,@Dal,» L 21-42,8,0,3,1,7,8
Matty,2016,P2,RB,Rex Burkhead,NE,NYJ,» W 41-3,31,0,3,6,25,31
Matty,2016,P2,D/ST,Patriots D/ST,NE,NYJ,» W 41-3,23,0,NA,NA,NA,NA
Matty,2016,P2,WR,Dontrelle Inman,SD,@Cle,» L 17-20,9,0,3,4,5,9
Matty,2016,P2,WR,T.Y. Hilton,Ind,@Oak,» L 25-33,21,0,3,12,9,21
Perry,2013,P1,K,Ryan Succop,KC,@Wsh,» W 45-10,14,0,NA,9,8,17
Perry,2013,P1,D/ST,Rams D/ST,StL,@Ari,» L 10-30,11,0,NA,NA,NA,NA
Perry,2013,P1,RB,Pierre Thomas,NO,Car,» W 31-13,10,0,3,2,8,10
Perry,2013,P1,WR,Donnie Avery,KC,@Wsh,» W 45-10,3,0,2,0,3,3
Perry,2013,P1,WR,Doug Baldwin,Sea,@SF,» L 17-19,16,0,3,3,13,16
Perry,2013,P1,WR,Steve Smith,Bal,Min,» W 29-26,12,0,3,10,2,12
Perry,2013,P1,WR,Santonio Holmes,NYJ,Oak,» W 37-27,6,0,3,5,1,6
Perry,2013,P1,RB,Andre Ellington,Ari,StL,» W 30-10,26,0,3,11,15,26
Perry,2013,P1,TE,Brandon Myers,TB,Buf,» W 27-6,11,0,3,8,3,11
Perry,2013,P1,QB,Cam Newton,Car,@NO,» L 13-31,29,0,3,14,15,29
Perry,2013,P2,K,Ryan Succop,KC,Ind,» L 7-23,2,0,NA,1,6,7
Perry,2013,P2,D/ST,Rams D/ST,StL,TB,» W 23-13,23,0,NA,NA,NA,NA
Perry,2013,P2,RB,Pierre Thomas,NO,@Car,» L 13-17,8,0,2,0,8,8
Perry,2013,P2,WR,Donnie Avery,KC,Ind,» L 7-23,3,0,1,3,NA,NA
Perry,2013,P2,WR,Doug Baldwin,Sea,Ari,» L 10-17,0,0,1,0,NA,NA
Perry,2013,P2,WR,Steve Smith,Bal,NE,» L 7-41,4,0,1,4,NA,NA
Perry,2013,P2,WR,Santonio Holmes,NYJ,Cle,» W 24-13,6,0,3,2,4,6
Perry,2013,P2,RB,Andre Ellington,Ari,@Sea,» W 17-10,10,0,3,6,4,10
Perry,2013,P2,TE,Brandon Myers,TB,@StL,» L 13-23,5,0,1,5,0,5
Perry,2013,P2,QB,Cam Newton,Car,NO,» W 17-13,27,0,3,9,18,27
Perry,2014,P1,TE,Heath Miller,Pit,@Cin,» W 42-21,6,0,2,8,6,14
Perry,2014,P1,WR,Derek Hagan,Ten,NYG,» L 7-36,0,0,2,6,NA,NA
Perry,2014,P1,K,Phil Dawson,SF,@Oak,» L 13-24,7,0,NA,9,1,10
Perry,2014,P1,TE,Rob Gronkowski,NE,@SD,» W 23-14,29,0,3,14,15,29
Perry,2014,P1,RB,Le'Veon Bell,Pit,@Cin,» W 42-21,64,0,3,41,23,64
Perry,2014,P1,WR,Mohamed Sanu,Cin,Pit,» L 21-42,1,0,1,1,0,1
Perry,2014,P1,WR,Terrance Williams,Dal,@Chi,» W 41-28,0,0,1,NA,1,NA
Perry,2014,P1,WR,Julio Jones,Atl,@GB,» L 37-43,31,0,1,31,NA,NA
Perry,2014,P1,D/ST,Cardinals D/ST,Ari,KC,» W 17-14,21,0,NA,NA,NA,NA
Perry,2014,P1,QB,Andrew Luck,Ind,@Cle,» W 25-24,36,0,3,22,14,36
Perry,2014,P1,RB,Steven Jackson,Atl,@GB,» L 37-43,18,0,3,13,5,18
Perry,2014,P1,WR,Eric Decker,NYJ,@Min,» L 24-30,18,0,3,8,10,18
Perry,2014,P2,TE,Dwayne Allen,Ind,@Dal,» L 7-42,0,0,2,NA,0,NA
Perry,2014,P2,WR,Kendall Wright,Ten,@Jac,» L 13-21,7,0,1,7,7,14
Perry,2014,P2,D/ST,Cardinals D/ST,Ari,Sea,» L 6-35,-9,0,NA,NA,NA,NA
Perry,2014,P2,QB,Andrew Luck,Ind,@Dal,» L 7-42,14,0,2,0,14,14
Perry,2014,P2,WR,Eric Decker,NYJ,NE,» L 16-17,30,0,3,2,28,30
Perry,2014,P2,TE,Heath Miller,Pit,KC,» W 20-12,4,0,2,6,4,10
Perry,2014,P2,K,Phil Dawson,SF,SD,» L 35-38,12,0,NA,5,10,15
Perry,2014,P2,TE,Rob Gronkowski,NE,@NYJ,» W 17-16,9,0,1,9,NA,NA
Perry,2014,P2,RB,Le'Veon Bell,Pit,KC,» W 20-12,22,0,3,12,10,22
Perry,2014,P2,WR,Julio Jones,Atl,@NO,» W 30-14,15,0,3,10,5,15
Perry,2014,P2,WR,Mohamed Sanu,Cin,Den,» W 37-28,2,0,3,1,1,2
Perry,2014,P2,RB,Daniel Herron,Ind,@Dal,» L 7-42,6,0,2,NA,6,NA
Perry,2014,P2,RB,Steven Jackson,Atl,@NO,» W 30-14,1,0,1,1,NA,NA
Perry,2015,P1,K,Graham Gano,Car,Atl,» W 38-0,14,0,NA,8,8,16
Perry,2015,P1,WR,Randall Cobb,GB,Dal,» W 28-7,8,0,1,8,5,13
Perry,2015,P1,TE,Austin Seferian-Jenkins,TB,NO,» L 17-24,3,0,1,3,8,11
Perry,2015,P1,RB,Brandon Bolden,NE,@Hou,» W 27-6,4,0,2,5,4,9
Perry,2015,P1,RB,Tim Hightower,NO,@TB,» W 24-17,8,0,2,15,8,23
Perry,2015,P1,D/ST,Cardinals D/ST,Ari,Min,» W 23-20,22,0,NA,NA,NA,NA
Perry,2015,P1,WR,Martavis Bryant,Pit,@Cin,» W 33-20,12,0,3,4,8,12
Perry,2015,P1,RB,Shaun Draughn,SF,@Cle,» L 10-24,4,0,1,4,3,7
Perry,2015,P1,WR,Jeremy Maclin,KC,SD,» W 10-3,17,0,3,6,11,17
Perry,2015,P1,QB,Ben Roethlisberger,Pit,@Cin,» W 33-20,32,0,3,9,23,32
Perry,2015,P1,TE,Rob Gronkowski,NE,@Hou,» W 27-6,11,0,2,14,11,25
Perry,2015,P1,WR,Julio Jones,Atl,@Car,» L 0-38,25,0,3,8,17,25
Perry,2015,P1,RB,DeAngelo Williams,Pit,@Cin,» W 33-20,31,0,3,20,11,31
Perry,2015,P2,QB,Ben Roethlisberger,Pit,@Bal,» L 17-20,27,0,3,4,23,27
Perry,2015,P2,WR,Jeremy Maclin,KC,Cle,» W 17-13,22,0,3,10,12,22
Perry,2015,P2,TE,Rob Gronkowski,NE,@NYJ,» L 20-26,9,0,3,8,1,9
Perry,2015,P2,K,Graham Gano,Car,@Atl,» L 13-20,17,0,NA,7,8,15
Perry,2015,P2,WR,Emmanuel Sanders,Den,Cin,» W 20-17,19,0,3,12,7,19
Perry,2015,P2,WR,Julio Jones,Atl,Car,» W 20-13,37,0,3,23,14,37
Perry,2015,P2,RB,Tim Hightower,NO,Jax,» W 38-27,44,0,3,28,16,44
Perry,2015,P2,D/ST,Cardinals D/ST,Ari,GB,» W 38-8,32,0,NA,NA,NA,NA
Perry,2015,P2,RB,DeAngelo Williams,Pit,@Bal,» L 17-20,26,0,3,25,1,26
Perry,2015,P2,WR,Martavis Bryant,Pit,@Bal,» L 17-20,0,0,1,0,NA,NA
Perry,2016,P1,RB,Jerick McKinnon,Min,@Jax,» W 25-16,6,0,1,6,6,12
Perry,2016,P1,WR,Tyreek Hill,KC,Oak,» W 21-13,28,0,3,16,12,28
Perry,2016,P1,K,Sebastian Janikowski,Oak,@KC,» L 13-21,15,0,NA,7,13,20
Perry,2016,P1,RB,Jonathan Stewart,Car,SD,» W 28-16,25,0,3,12,13,25
Perry,2016,P1,RB,Le'Veon Bell,Pit,@Buf,» W 27-20,59,0,3,47,12,59
Perry,2016,P1,K,Cairo Santos,KC,Oak,» W 21-13,3,0,1,3,5,8
Perry,2016,P1,D/ST,Eagles D/ST,Phi,Wsh,» L 22-27,17,0,NA,NA,NA,NA
Perry,2016,P1,WR,Mohamed Sanu,Atl,@LA,» W 42-14,4,0,2,NA,4,NA
Perry,2016,P1,QB,Tom Brady,NE,Bal,» W 30-23,33,0,3,26,7,33
Perry,2016,P1,WR,Pierre Garcon,SF,NYJ,» L 17-23,18,0,3,11,7,18
Perry,2016,P1,WR,Julian Edelman,NE,Bal,» W 30-23,14,0,3,7,7,14
Perry,2016,P1,TE,Tyler Eifert,Cin,@Cle,» W 23-10,16,0,1,16,0,16
Perry,2016,P2,WR,Tyreek Hill,KC,Den,» W 33-10,26,0,3,15,11,26
Perry,2016,P2,RB,Jonathan Stewart,Car,Atl,» L 16-33,17,0,3,5,12,17
Perry,2016,P2,QB,Jameis Winston,TB,@NO,» L 24-31,9,0,2,16,9,25
Perry,2016,P2,TE,Dennis Pitta,Bal,@Pit,» L 27-31,9,0,2,7,9,16
Perry,2016,P2,RB,Jerick McKinnon,Min,@GB,» L 25-38,22,0,2,8,22,30
Perry,2016,P2,K,Sebastian Janikowski,Oak,Ind,» W 33-25,1,0,NA,3,NA,NA
Perry,2016,P2,D/ST,Rams D/ST,LA,SF,» L 21-22,12,0,NA,NA,NA,NA
Perry,2016,P2,RB,Le'Veon Bell,Pit,Bal,» W 31-27,25,0,1,25,NA,NA
Perry,2016,P2,TE,Jason Witten,Dal,Det,» W 42-21,9,0,1,9,1,10
Perry,2016,P2,QB,Tom Brady,NE,NYJ,» W 41-3,20,0,1,20,25,45
Perry,2016,P2,WR,Mohamed Sanu,Atl,@Car,» W 33-16,14,0,3,5,9,14
Perry,2016,P2,WR,Julian Edelman,NE,NYJ,» W 41-3,31,0,3,8,23,31
Perry,2016,P2,WR,Pierre Garcon,SF,@LA,» W 22-21,18,0,3,9,9,18
